/*******************************************************************************
 * Size: 18 px
 * Bpp: 4
 * Opts: undefined
 ******************************************************************************/

#ifdef LV_LVGL_H_INCLUDE_SIMPLE
#include "lvgl.h"
#else
#include "lvgl.h"
#endif

#ifndef LV_FONT_TANKER_18
#define LV_FONT_TANKER_18 1
#endif

#if LV_FONT_TANKER_18

/*-----------------
 *    BITMAPS
 *----------------*/

/*Store the image of the glyphs*/
static LV_ATTRIBUTE_LARGE_CONST const uint8_t glyph_bitmap[] = {
    /* U+0020 " " */

    /* U+0021 "!" */
    0x2f, 0xf5, 0x3f, 0xf6, 0x2f, 0xf6, 0x2f, 0xf5,
    0x1f, 0xf5, 0x1f, 0xf4, 0xf, 0xf4, 0xf, 0xf3,
    0xf, 0xf3, 0xe, 0xf2, 0x1, 0x10, 0x9, 0xa1,
    0x3f, 0xf6, 0xd, 0xe3,

    /* U+0022 "\"" */
    0x6f, 0xaa, 0xf7, 0x7f, 0xba, 0xf8, 0x6f, 0xa9,
    0xf7, 0x5f, 0x98, 0xf5, 0x4, 0x11, 0x40,

    /* U+0023 "#" */
    0x0, 0x0, 0x5f, 0xe0, 0xcf, 0x60, 0x0, 0xa,
    0xfb, 0x1f, 0xf4, 0x0, 0x0, 0xef, 0x75, 0xff,
    0x0, 0x0, 0x3f, 0xf4, 0xaf, 0xc0, 0x4, 0xff,
    0xff, 0xff, 0xff, 0xa0, 0x5f, 0xff, 0xff, 0xff,
    0xfc, 0x2, 0xaf, 0xfc, 0xdf, 0xf9, 0x50, 0x3,
    0xff, 0x2a, 0xfb, 0x0, 0x0, 0x7f, 0xd0, 0xef,
    0x60, 0x2, 0x8e, 0xfe, 0xaf, 0xfb, 0x40, 0x7f,
    0xff, 0xff, 0xff, 0xfa, 0x5, 0xff, 0xff, 0xff,
    0xff, 0x90, 0xa, 0xfc, 0x1f, 0xf6, 0x0, 0x0,
    0xdf, 0x84, 0xff, 0x10, 0x0, 0x1f, 0xf4, 0x8f,
    0xd0, 0x0, 0x3, 0xfe, 0xb, 0xf8, 0x0, 0x0,

    /* U+0024 "$" */
    0x0, 0x3, 0x20, 0x0, 0x0, 0x1d, 0xa0, 0x0,
    0x8, 0xff, 0xff, 0x50, 0x4f, 0xff, 0xff, 0xf0,
    0x8f, 0xee, 0xcf, 0xf3, 0x9f, 0x9c, 0x8d, 0xf5,
    0x7f, 0xdd, 0x89, 0xd3, 0x3f, 0xff, 0x90, 0x0,
    0x5, 0xff, 0xf5, 0x0, 0x0, 0x3f, 0xff, 0x70,
    0x3, 0xc, 0xff, 0xf1, 0x9f, 0x9c, 0x9e, 0xf4,
    0x8f, 0xac, 0x8e, 0xf5, 0x7f, 0xff, 0xff, 0xf3,
    0x2f, 0xff, 0xff, 0xd0, 0x4, 0xbf, 0xea, 0x10,
    0x0, 0xb, 0x80, 0x0,

    /* U+0025 "%" */
    0x1b, 0xfd, 0x50, 0x0, 0xcf, 0x20, 0x8f, 0xff,
    0xe0, 0x3, 0xfd, 0x0, 0xbf, 0x4d, 0xf1, 0xa,
    0xf7, 0x0, 0xbf, 0x2c, 0xf1, 0x1f, 0xf1, 0x0,
    0xbf, 0x2c, 0xf1, 0x8f, 0x90, 0x0, 0xbf, 0x4d,
    0xf1, 0xef, 0x20, 0x0, 0x8f, 0xff, 0xe5, 0xfb,
    0x0, 0x0, 0x1b, 0xed, 0x5c, 0xf5, 0x0, 0x0,
    0x0, 0x0, 0x3f, 0xe4, 0xde, 0xc2, 0x0, 0x0,
    0xaf, 0x7d, 0xff, 0xfa, 0x0, 0x1, 0xff, 0x1f,
    0xe2, 0xfc, 0x0, 0x7, 0xf9, 0xf, 0xd0, 0xfd,
    0x0, 0xe, 0xf3, 0xf, 0xd0, 0xfd, 0x0, 0x5f,
    0xc0, 0xf, 0xe1, 0xfc, 0x0, 0xbf, 0x50, 0xd,
    0xff, 0xfa, 0x1, 0xfd, 0x0, 0x4, 0xdf, 0xc2,

    /* U+0026 "&" */
    0x4, 0xcf, 0xeb, 0x30, 0x2, 0xff, 0xff, 0xfe,
    0x0, 0x6f, 0xfc, 0xdf, 0xf3, 0x8, 0xff, 0x13,
    0xff, 0x40, 0x7f, 0xf3, 0x7, 0x71, 0x1, 0xdf,
    0xe8, 0x66, 0x62, 0x7, 0xff, 0xff, 0xff, 0xa3,
    0xff, 0xff, 0xff, 0xf8, 0x6f, 0xf4, 0xf, 0xf9,
    0x8, 0xff, 0x0, 0xff, 0x80, 0x7f, 0xf1, 0x1f,
    0xf7, 0x5, 0xff, 0xcc, 0xff, 0x50, 0xe, 0xff,
    0xff, 0xe0, 0x0, 0x3c, 0xee, 0xb2, 0x0,

    /* U+0027 "'" */
    0x6f, 0xa7, 0xfb, 0x6f, 0xa5, 0xf9, 0x4, 0x10,

    /* U+0028 "(" */
    0x1, 0x9a, 0x10, 0x9f, 0xe0, 0xf, 0xf9, 0x3,
    0xff, 0x40, 0x5f, 0xf2, 0x5, 0xff, 0x20, 0x5f,
    0xf1, 0x5, 0xff, 0x10, 0x5f, 0xf1, 0x5, 0xff,
    0x10, 0x5f, 0xf2, 0x5, 0xff, 0x20, 0x4f, 0xf3,
    0x1, 0xff, 0x70, 0xb, 0xfd, 0x0, 0x3f, 0xf2,

    /* U+0029 ")" */
    0x1a, 0xa2, 0x0, 0xef, 0xa0, 0x8, 0xff, 0x10,
    0x3f, 0xf4, 0x1, 0xff, 0x60, 0x1f, 0xf6, 0x0,
    0xff, 0x60, 0xf, 0xf6, 0x0, 0xff, 0x60, 0xf,
    0xf6, 0x1, 0xff, 0x60, 0x1f, 0xf6, 0x2, 0xff,
    0x50, 0x6f, 0xf2, 0xc, 0xfd, 0x1, 0xff, 0x40,

    /* U+002A "*" */
    0x0, 0x2, 0x40, 0x0, 0x0, 0x0, 0xaf, 0x20,
    0x0, 0x2c, 0x39, 0xf2, 0x98, 0x7, 0xff, 0xdf,
    0xdf, 0xe0, 0x4, 0xcf, 0xff, 0x71, 0x1, 0x8f,
    0xff, 0xfc, 0x40, 0x6f, 0xdb, 0xf8, 0xfe, 0x0,
    0x70, 0xaf, 0x14, 0x40, 0x0, 0xa, 0xf2, 0x0,
    0x0,

    /* U+002B "+" */
    0x0, 0x99, 0x20, 0x0, 0x2f, 0xf5, 0x0, 0x25,
    0xff, 0x82, 0xf, 0xff, 0xff, 0xf2, 0xef, 0xff,
    0xff, 0x10, 0x3f, 0xf6, 0x0, 0x1, 0xff, 0x40,
    0x0,

    /* U+002C "," */
    0x4, 0x20, 0x7f, 0xf0, 0x7f, 0xf0, 0xd, 0xc0,
    0xe, 0x40,

    /* U+002D "-" */
    0x0, 0x0, 0x8, 0xff, 0xfb, 0x8f, 0xff, 0xb0,

    /* U+002E "." */
    0x3a, 0x70, 0x9f, 0xf0, 0x5f, 0xb0,

    /* U+002F "/" */
    0x0, 0x0, 0x37, 0x70, 0x0, 0x0, 0xbf, 0xe0,
    0x0, 0x0, 0xff, 0x90, 0x0, 0x5, 0xff, 0x50,
    0x0, 0x9, 0xff, 0x0, 0x0, 0xe, 0xfb, 0x0,
    0x0, 0x2f, 0xf7, 0x0, 0x0, 0x7f, 0xf2, 0x0,
    0x0, 0xbf, 0xe0, 0x0, 0x0, 0xff, 0x90, 0x0,
    0x4, 0xff, 0x50, 0x0, 0x9, 0xff, 0x10, 0x0,
    0xe, 0xfc, 0x0, 0x0, 0x2f, 0xf7, 0x0, 0x0,
    0x7f, 0xf3, 0x0, 0x0, 0x9f, 0xd0, 0x0, 0x0,

    /* U+0030 "0" */
    0x2, 0xbe, 0xfc, 0x40, 0xc, 0xff, 0xff, 0xf2,
    0x2f, 0xfd, 0xbf, 0xf7, 0x3f, 0xf5, 0xf, 0xf9,
    0x4f, 0xf4, 0xe, 0xfa, 0x4f, 0xf4, 0xe, 0xfa,
    0x4f, 0xf4, 0xe, 0xfa, 0x4f, 0xf4, 0xe, 0xfa,
    0x4f, 0xf4, 0xe, 0xfa, 0x4f, 0xf4, 0xe, 0xfa,
    0x3f, 0xf5, 0xf, 0xf9, 0x2f, 0xfd, 0xbf, 0xf7,
    0xc, 0xff, 0xff, 0xf2, 0x2, 0xbe, 0xfd, 0x50,

    /* U+0031 "1" */
    0xdf, 0xff, 0x2f, 0xff, 0xf3, 0xbe, 0xff, 0x30,
    0x4f, 0xf3, 0x3, 0xff, 0x30, 0x3f, 0xf3, 0x3,
    0xff, 0x30, 0x3f, 0xf3, 0x3, 0xff, 0x30, 0x3f,
    0xf3, 0x3, 0xff, 0x30, 0x3f, 0xf3, 0x3, 0xff,
    0x30, 0x2f, 0xf2,

    /* U+0032 "2" */
    0x4, 0xcf, 0xea, 0x10, 0x2f, 0xff, 0xff, 0xc0,
    0x7f, 0xfb, 0xef, 0xf1, 0x9f, 0xe0, 0x6f, 0xf2,
    0x9f, 0xc0, 0x7f, 0xf1, 0x14, 0x20, 0xdf, 0xc0,
    0x0, 0x6, 0xff, 0x50, 0x0, 0x1f, 0xfc, 0x0,
    0x0, 0xaf, 0xf2, 0x0, 0x5, 0xff, 0x80, 0x0,
    0x1e, 0xfd, 0x0, 0x0, 0x5f, 0xfc, 0x77, 0x70,
    0x7f, 0xff, 0xff, 0xf3, 0x6f, 0xff, 0xff, 0xf2,

    /* U+0033 "3" */
    0x5, 0xcf, 0xea, 0x20, 0x2f, 0xff, 0xff, 0xc0,
    0x7f, 0xfa, 0xef, 0xf1, 0x9f, 0xd0, 0x6f, 0xf3,
    0x37, 0x40, 0x6f, 0xf2, 0x0, 0x27, 0xdf, 0xf0,
    0x0, 0x7f, 0xff, 0x70, 0x0, 0x6f, 0xff, 0xc0,
    0x0, 0x0, 0x9f, 0xf1, 0x5b, 0x70, 0x5f, 0xf3,
    0x9f, 0xe0, 0x6f, 0xf3, 0x7f, 0xfb, 0xef, 0xf1,
    0x2f, 0xff, 0xff, 0xc0, 0x4, 0xcf, 0xea, 0x10,

    /* U+0034 "4" */
    0x0, 0xe, 0xf9, 0x0, 0x0, 0x5, 0xff, 0x50,
    0x0, 0x0, 0xaf, 0xf1, 0x0, 0x0, 0xf, 0xfc,
    0x0, 0x0, 0x4, 0xff, 0x80, 0x0, 0x0, 0x9f,
    0xf4, 0x54, 0x0, 0xe, 0xfe, 0x5f, 0xf1, 0x3,
    0xff, 0xa5, 0xff, 0x10, 0x8f, 0xf5, 0x5f, 0xf1,
    0xc, 0xff, 0xac, 0xff, 0xa1, 0xcf, 0xff, 0xff,
    0xff, 0x4b, 0xff, 0xff, 0xff, 0xf3, 0x0, 0x0,
    0x6f, 0xf2, 0x0, 0x0, 0x4, 0xff, 0x10,

    /* U+0035 "5" */
    0x2f, 0xff, 0xff, 0xf3, 0x3f, 0xff, 0xff, 0xf4,
    0x3f, 0xfb, 0x99, 0x81, 0x3f, 0xf3, 0x0, 0x0,
    0x3f, 0xfb, 0x85, 0x0, 0x3f, 0xff, 0xff, 0xb0,
    0xe, 0xff, 0xff, 0xf3, 0x0, 0x0, 0x5f, 0xf6,
    0x17, 0x60, 0xf, 0xf8, 0x6f, 0xf1, 0xf, 0xf8,
    0x5f, 0xf2, 0x1f, 0xf8, 0x3f, 0xfc, 0xcf, 0xf6,
    0xd, 0xff, 0xff, 0xf1, 0x2, 0xbe, 0xec, 0x30,

    /* U+0036 "6" */
    0x2, 0xbe, 0xfc, 0x40, 0xc, 0xff, 0xff, 0xf2,
    0x2f, 0xfd, 0xaf, 0xf7, 0x3f, 0xf4, 0xe, 0xf8,
    0x4f, 0xf4, 0x3, 0x52, 0x4f, 0xfc, 0xfe, 0x70,
    0x4f, 0xff, 0xff, 0xf3, 0x4f, 0xfd, 0xbf, 0xf8,
    0x4f, 0xf5, 0xf, 0xfa, 0x4f, 0xf4, 0xe, 0xfa,
    0x3f, 0xf5, 0xf, 0xf9, 0x2f, 0xfd, 0xbf, 0xf8,
    0xc, 0xff, 0xff, 0xf2, 0x2, 0xbe, 0xfc, 0x50,

    /* U+0037 "7" */
    0xbf, 0xff, 0xff, 0xbd, 0xff, 0xff, 0xfd, 0xdf,
    0xd7, 0xff, 0xcc, 0xf7, 0xf, 0xf9, 0x0, 0x4,
    0xff, 0x50, 0x0, 0x9f, 0xf0, 0x0, 0xe, 0xfb,
    0x0, 0x2, 0xff, 0x70, 0x0, 0x7f, 0xf2, 0x0,
    0xc, 0xfd, 0x0, 0x1, 0xff, 0x90, 0x0, 0x5f,
    0xf4, 0x0, 0xa, 0xff, 0x0, 0x0, 0xdf, 0x90,
    0x0,

    /* U+0038 "8" */
    0x3, 0xbe, 0xfc, 0x40, 0xe, 0xff, 0xff, 0xf2,
    0x3f, 0xfd, 0xbf, 0xf6, 0x5f, 0xf3, 0x1f, 0xf7,
    0x3f, 0xf5, 0x2f, 0xf6, 0xd, 0xff, 0xff, 0xf2,
    0x5, 0xff, 0xff, 0x80, 0x1e, 0xff, 0xff, 0xf3,
    0x5f, 0xf6, 0x3f, 0xf8, 0x6f, 0xf1, 0xf, 0xf9,
    0x6f, 0xf2, 0xf, 0xf9, 0x5f, 0xfc, 0xbf, 0xf7,
    0x1e, 0xff, 0xff, 0xf3, 0x3, 0xbe, 0xfc, 0x50,

    /* U+0039 "9" */
    0x3, 0xce, 0xec, 0x30, 0x1e, 0xff, 0xff, 0xf0,
    0x4f, 0xfc, 0xcf, 0xf5, 0x6f, 0xf2, 0x1f, 0xf6,
    0x6f, 0xf1, 0xf, 0xf7, 0x6f, 0xf4, 0x4f, 0xf7,
    0x4f, 0xff, 0xff, 0xf7, 0xd, 0xff, 0xff, 0xf7,
    0x1, 0x78, 0x5f, 0xf7, 0x2a, 0x90, 0xf, 0xf7,
    0x5f, 0xf1, 0x1f, 0xf6, 0x3f, 0xfc, 0xcf, 0xf5,
    0xd, 0xff, 0xff, 0xf0, 0x2, 0xbe, 0xfc, 0x30,

    /* U+003A ":" */
    0x5f, 0xb0, 0x9f, 0xf0, 0x3a, 0x70, 0x0, 0x0,
    0x0, 0x0, 0x0, 0x0, 0x3a, 0x70, 0x9f, 0xf0,
    0x5f, 0xb0,

    /* U+003B ";" */
    0x4f, 0xc0, 0x8f, 0xf1, 0x2a, 0x80, 0x0, 0x0,
    0x0, 0x0, 0x0, 0x0, 0x4, 0x20, 0x7f, 0xf0,
    0x7f, 0xf0, 0xd, 0xc0, 0xe, 0x40,

    /* U+003C "<" */
    0x0, 0x0, 0x0, 0x0, 0x0, 0x7, 0xe2, 0x0,
    0x6e, 0xff, 0x25, 0xef, 0xff, 0xa0, 0xef, 0xf9,
    0x20, 0xe, 0xff, 0xa2, 0x0, 0x5d, 0xff, 0xfa,
    0x0, 0x6, 0xef, 0xf2, 0x0, 0x0, 0x6d, 0x20,

    /* U+003D "=" */
    0xaf, 0xff, 0xff, 0x4c, 0xff, 0xff, 0xf5, 0x59,
    0x99, 0x99, 0x25, 0x99, 0x99, 0x91, 0xcf, 0xff,
    0xff, 0x5a, 0xff, 0xff, 0xf4,

    /* U+003E ">" */
    0x0, 0x0, 0x0, 0xb, 0xa2, 0x0, 0x0, 0xcf,
    0xfa, 0x20, 0x5, 0xef, 0xff, 0x90, 0x0, 0x6e,
    0xff, 0x50, 0x6, 0xef, 0xf5, 0x5e, 0xff, 0xf9,
    0xc, 0xff, 0x91, 0x0, 0xba, 0x20, 0x0, 0x0,

    /* U+003F "?" */
    0x3, 0xcf, 0xeb, 0x20, 0xe, 0xff, 0xff, 0xd0,
    0x4f, 0xfb, 0xdf, 0xf3, 0x6f, 0xf0, 0x3f, 0xf5,
    0x6f, 0xf0, 0x4f, 0xf4, 0x14, 0x30, 0xdf, 0xe0,
    0x0, 0xa, 0xff, 0x40, 0x0, 0x4f, 0xf8, 0x0,
    0x0, 0x8f, 0xf0, 0x0, 0x0, 0x8f, 0xe0, 0x0,
    0x0, 0x14, 0x30, 0x0, 0x0, 0x2a, 0x70, 0x0,
    0x0, 0x9f, 0xf0, 0x0, 0x0, 0x5f, 0xc0, 0x0,

    /* U+0040 "@" */
    0x0, 0x3b, 0xdf, 0xd9, 0x10, 0x0, 0x5f, 0xfd,
    0xce, 0xfe, 0x10, 0xe, 0xf5, 0x9b, 0x79, 0xf9,
    0x4, 0xf8, 0xaf, 0xff, 0x4e, 0xe0, 0x6f, 0x5e,
    0xc4, 0xf7, 0xcf, 0x8, 0xf4, 0xfb, 0x2f, 0x8b,
    0xf1, 0x8f, 0x4f, 0xb2, 0xf9, 0xbf, 0x16, 0xf5,
    0xec, 0x4f, 0xff, 0xe0, 0x4f, 0x8a, 0xff, 0xca,
    0xe7, 0x0, 0xef, 0x69, 0x91, 0x0, 0x0, 0x5,
    0xff, 0xeb, 0x20, 0x0, 0x0, 0x2, 0xad, 0xf3,
    0x0, 0x0,

    /* U+0041 "A" */
    0x0, 0x7f, 0xf5, 0x0, 0x0, 0xef, 0xfc, 0x0,
    0x2, 0xff, 0xff, 0x0, 0x7, 0xfd, 0xef, 0x50,
    0xb, 0xf8, 0xaf, 0x90, 0xf, 0xf4, 0x6f, 0xe0,
    0x5f, 0xf1, 0x3f, 0xf3, 0x8f, 0xe0, 0xf, 0xf6,
    0x9f, 0xff, 0xff, 0xf7, 0x9f, 0xff, 0xff, 0xf7,
    0x9f, 0xf9, 0xaf, 0xf7, 0x9f, 0xd0, 0xf, 0xf7,
    0x9f, 0xd0, 0xf, 0xf7, 0x8f, 0xc0, 0xe, 0xf6,

    /* U+0042 "B" */
    0x2f, 0xff, 0xfc, 0x60, 0x3f, 0xff, 0xff, 0xf5,
    0x3f, 0xfb, 0xbf, 0xfa, 0x3f, 0xf4, 0xd, 0xfc,
    0x3f, 0xf4, 0xd, 0xfc, 0x3f, 0xfb, 0xbf, 0xf8,
    0x3f, 0xff, 0xff, 0xe0, 0x3f, 0xff, 0xff, 0xf6,
    0x3f, 0xf5, 0x2e, 0xfc, 0x3f, 0xf4, 0xa, 0xfe,
    0x3f, 0xf4, 0xc, 0xfe, 0x3f, 0xfb, 0xbf, 0xfc,
    0x3f, 0xff, 0xff, 0xf7, 0x2f, 0xff, 0xec, 0x60,

    /* U+0043 "C" */
    0x3, 0xbe, 0xfc, 0x40, 0xe, 0xff, 0xff, 0xf1,
    0x4f, 0xfd, 0xbf, 0xf5, 0x5f, 0xf3, 0xf, 0xf7,
    0x6f, 0xf2, 0xf, 0xf7, 0x6f, 0xf2, 0x2, 0x30,
    0x6f, 0xf2, 0x0, 0x0, 0x6f, 0xf2, 0x0, 0x0,
    0x6f, 0xf2, 0x2, 0x30, 0x6f, 0xf2, 0xf, 0xf7,
    0x5f, 0xf3, 0xf, 0xf7, 0x4f, 0xfd, 0xbf, 0xf5,
    0xe, 0xff, 0xff, 0xf1, 0x3, 0xce, 0xfc, 0x40,

    /* U+0044 "D" */
    0x2f, 0xff, 0xec, 0x40, 0x3f, 0xff, 0xff, 0xf3,
    0x3f, 0xfc, 0xdf, 0xf9, 0x3f, 0xf4, 0xe, 0xfb,
    0x3f, 0xf4, 0xc, 0xfc, 0x3f, 0xf4, 0xc, 0xfc,
    0x3f, 0xf4, 0xc, 0xfc, 0x3f, 0xf4, 0xc, 0xfc,
    0x3f, 0xf4, 0xc, 0xfc, 0x3f, 0xf4, 0xc, 0xfc,
    0x3f, 0xf4, 0xf, 0xfb, 0x3f, 0xfb, 0xdf, 0xf9,
    0x3f, 0xff, 0xff, 0xf3, 0x2f, 0xff, 0xec, 0x40,

    /* U+0045 "E" */
    0x2f, 0xff, 0xff, 0x93, 0xff, 0xff, 0xfb, 0x3f,
    0xfb, 0x99, 0x53, 0xff, 0x40, 0x0, 0x3f, 0xf4,
    0x0, 0x3, 0xff, 0xb9, 0x93, 0x3f, 0xff, 0xff,
    0x73, 0xff, 0xff, 0xf6, 0x3f, 0xf5, 0x0, 0x3,
    0xff, 0x40, 0x0, 0x3f, 0xf4, 0x0, 0x3, 0xff,
    0xb9, 0x94, 0x3f, 0xff, 0xff, 0xb2, 0xff, 0xff,
    0xf9,

    /* U+0046 "F" */
    0x2f, 0xff, 0xff, 0xd3, 0xff, 0xff, 0xff, 0x3f,
    0xfb, 0x99, 0x73, 0xff, 0x40, 0x0, 0x3f, 0xf4,
    0x0, 0x3, 0xff, 0x50, 0x0, 0x3f, 0xff, 0xff,
    0x23, 0xff, 0xff, 0xf2, 0x3f, 0xfb, 0x98, 0x3,
    0xff, 0x40, 0x0, 0x3f, 0xf4, 0x0, 0x3, 0xff,
    0x40, 0x0, 0x3f, 0xf4, 0x0, 0x2, 0xff, 0x30,
    0x0,

    /* U+0047 "G" */
    0x3, 0xbe, 0xfc, 0x40, 0xe, 0xff, 0xff, 0xf1,
    0x4f, 0xfd, 0xbf, 0xf5, 0x5f, 0xf3, 0xf, 0xf7,
    0x6f, 0xf2, 0x9, 0xb4, 0x6f, 0xf2, 0x0, 0x0,
    0x6f, 0xf3, 0xff, 0xf7, 0x6f, 0xf3, 0xff, 0xf8,
    0x6f, 0xf2, 0x8f, 0xf8, 0x6f, 0xf2, 0xd, 0xf8,
    0x5f, 0xf3, 0xe, 0xf7, 0x4f, 0xfd, 0xbf, 0xf6,
    0xe, 0xff, 0xff, 0xf1, 0x3, 0xce, 0xfc, 0x40,

    /* U+0048 "H" */
    0x2f, 0xf3, 0x8, 0xfc, 0x3f, 0xf4, 0x9, 0xfd,
    0x3f, 0xf4, 0x9, 0xfd, 0x3f, 0xf4, 0x9, 0xfd,
    0x3f, 0xf4, 0x9, 0xfd, 0x3f, 0xfb, 0x9e, 0xfd,
    0x3f, 0xff, 0xff, 0xfd, 0x3f, 0xff, 0xff, 0xfd,
    0x3f, 0xf5, 0xa, 0xfd, 0x3f, 0xf4, 0x9, 0xfd,
    0x3f, 0xf4, 0x9, 0xfd, 0x3f, 0xf4, 0x9, 0xfd,
    0x3f, 0xf4, 0x9, 0xfd, 0x2f, 0xf3, 0x8, 0xfc,

    /* U+0049 "I" */
    0x2f, 0xf3, 0x3f, 0xf4, 0x3f, 0xf4, 0x3f, 0xf4,
    0x3f, 0xf4, 0x3f, 0xf4, 0x3f, 0xf4, 0x3f, 0xf4,
    0x3f, 0xf4, 0x3f, 0xf4, 0x3f, 0xf4, 0x3f, 0xf4,
    0x3f, 0xf4, 0x2f, 0xf3,

    /* U+004A "J" */
    0x3f, 0xff, 0xe0, 0x4f, 0xff, 0xf0, 0x17, 0xcf,
    0xf0, 0x0, 0x6f, 0xf0, 0x0, 0x6f, 0xf0, 0x0,
    0x6f, 0xf0, 0x0, 0x6f, 0xf0, 0x0, 0x6f, 0xf0,
    0x0, 0x6f, 0xf0, 0x0, 0x6f, 0xf0, 0x0, 0x7f,
    0xf0, 0x69, 0xef, 0xe0, 0xef, 0xff, 0x80, 0xdf,
    0xe9, 0x0,

    /* U+004B "K" */
    0x2f, 0xf2, 0xa, 0xf9, 0x3, 0xff, 0x30, 0xcf,
    0xb0, 0x3f, 0xf3, 0xc, 0xfb, 0x3, 0xff, 0x30,
    0xdf, 0xb0, 0x3f, 0xf3, 0x6f, 0xf9, 0x3, 0xff,
    0xaf, 0xff, 0x30, 0x3f, 0xff, 0xff, 0x90, 0x3,
    0xff, 0xff, 0xfc, 0x0, 0x3f, 0xff, 0xcf, 0xf1,
    0x3, 0xff, 0x64, 0xff, 0x50, 0x3f, 0xf4, 0xf,
    0xf9, 0x3, 0xff, 0x40, 0xbf, 0xd0, 0x3f, 0xf4,
    0x7, 0xff, 0x12, 0xff, 0x30, 0x2f, 0xf2,

    /* U+004C "L" */
    0x2f, 0xf3, 0x0, 0x3, 0xff, 0x40, 0x0, 0x3f,
    0xf4, 0x0, 0x3, 0xff, 0x40, 0x0, 0x3f, 0xf4,
    0x0, 0x3, 0xff, 0x40, 0x0, 0x3f, 0xf4, 0x0,
    0x3, 0xff, 0x40, 0x0, 0x3f, 0xf4, 0x0, 0x3,
    0xff, 0x40, 0x0, 0x3f, 0xf4, 0x0, 0x3, 0xff,
    0xb9, 0x93, 0x3f, 0xff, 0xff, 0x72, 0xff, 0xff,
    0xf6,

    /* U+004D "M" */
    0x2f, 0xf8, 0x0, 0x8, 0xff, 0x23, 0xff, 0xf0,
    0x0, 0xff, 0xf3, 0x3f, 0xff, 0x50, 0x4f, 0xff,
    0x33, 0xff, 0xf9, 0x9, 0xff, 0xf3, 0x3f, 0xff,
    0xe0, 0xef, 0xff, 0x33, 0xff, 0xff, 0x6f, 0xff,
    0xf3, 0x3f, 0xfc, 0xff, 0xfb, 0xff, 0x33, 0xff,
    0x5f, 0xff, 0x5f, 0xf3, 0x3f, 0xf2, 0xef, 0xf1,
    0xff, 0x33, 0xff, 0x19, 0xf9, 0x1f, 0xf3, 0x3f,
    0xf1, 0x0, 0x1, 0xff, 0x33, 0xff, 0x10, 0x0,
    0x1f, 0xf3, 0x3f, 0xf1, 0x0, 0x1, 0xff, 0x32,
    0xff, 0x0, 0x0, 0xf, 0xf2,

    /* U+004E "N" */
    0x2f, 0xe2, 0x3, 0xff, 0x13, 0xff, 0xb0, 0x4f,
    0xf1, 0x3f, 0xff, 0x34, 0xff, 0x13, 0xff, 0xfc,
    0x5f, 0xf1, 0x3f, 0xff, 0xfa, 0xff, 0x13, 0xff,
    0xdf, 0xff, 0xf1, 0x3f, 0xf4, 0xff, 0xff, 0x13,
    0xff, 0x38, 0xff, 0xf1, 0x3f, 0xf3, 0xe, 0xff,
    0x13, 0xff, 0x30, 0x8f, 0xf1, 0x3f, 0xf3, 0x5,
    0xff, 0x13, 0xff, 0x30, 0x4f, 0xf1, 0x3f, 0xf3,
    0x4, 0xff, 0x12, 0xff, 0x20, 0x3f, 0xf1,

    /* U+004F "O" */
    0x2, 0xbe, 0xec, 0x30, 0xe, 0xff, 0xff, 0xf1,
    0x3f, 0xfd, 0xcf, 0xf6, 0x5f, 0xf3, 0x1f, 0xf7,
    0x6f, 0xf2, 0xf, 0xf8, 0x6f, 0xf2, 0xf, 0xf8,
    0x6f, 0xf2, 0xf, 0xf8, 0x6f, 0xf2, 0xf, 0xf8,
    0x6f, 0xf2, 0xf, 0xf8, 0x6f, 0xf2, 0xf, 0xf8,
    0x5f, 0xf3, 0x1f, 0xf7, 0x4f, 0xfc, 0xcf, 0xf6,
    0xe, 0xff, 0xff, 0xf1, 0x2, 0xbe, 0xfc, 0x40,

    /* U+0050 "P" */
    0x2f, 0xff, 0xec, 0x50, 0x3f, 0xff, 0xff, 0xf4,
    0x3f, 0xfb, 0xcf, 0xfa, 0x3f, 0xf4, 0xe, 0xfc,
    0x3f, 0xf4, 0xc, 0xfc, 0x3f, 0xf4, 0xe, 0xfc,
    0x3f, 0xfb, 0xbf, 0xfa, 0x3f, 0xff, 0xff, 0xf4,
    0x3f, 0xff, 0xec, 0x50, 0x3f, 0xf5, 0x0, 0x0,
    0x3f, 0xf4, 0x0, 0x0, 0x3f, 0xf4, 0x0, 0x0,
    0x3f, 0xf4, 0x0, 0x0, 0x2f, 0xf2, 0x0, 0x0,

    /* U+0051 "Q" */
    0x2, 0xbe, 0xec, 0x30, 0xe, 0xff, 0xff, 0xf1,
    0x3f, 0xfd, 0xcf, 0xf6, 0x5f, 0xf3, 0x1f, 0xf7,
    0x6f, 0xf2, 0xf, 0xf8, 0x6f, 0xf2, 0xf, 0xf8,
    0x6f, 0xf2, 0xf, 0xf8, 0x6f, 0xf2, 0xf, 0xf8,
    0x6f, 0xf2, 0xf, 0xf8, 0x6f, 0xf2, 0xf, 0xf8,
    0x5f, 0xf3, 0xf, 0xf7, 0x4f, 0xfc, 0xbf, 0xf6,
    0xe, 0xff, 0xff, 0xf1, 0x3, 0xdf, 0xfe, 0x40,
    0x0, 0x2f, 0xf4, 0x0, 0x0, 0x1f, 0xf2, 0x0,

    /* U+0052 "R" */
    0x2f, 0xff, 0xec, 0x50, 0x3f, 0xff, 0xff, 0xf5,
    0x3f, 0xfa, 0xaf, 0xfa, 0x3f, 0xf4, 0xd, 0xfc,
    0x3f, 0xf4, 0xc, 0xfc, 0x3f, 0xf5, 0x2f, 0xfb,
    0x3f, 0xff, 0xff, 0xf7, 0x3f, 0xff, 0xff, 0xe0,
    0x3f, 0xfb, 0xdf, 0xf2, 0x3f, 0xf4, 0x2f, 0xf9,
    0x3f, 0xf4, 0xc, 0xfb, 0x3f, 0xf4, 0xb, 0xfc,
    0x3f, 0xf4, 0xb, 0xfc, 0x2f, 0xf3, 0xa, 0xfa,

    /* U+0053 "S" */
    0x4, 0xcf, 0xeb, 0x20, 0x2f, 0xff, 0xff, 0xd0,
    0x7f, 0xfb, 0xdf, 0xf3, 0x9f, 0xf0, 0x4f, 0xf4,
    0x8f, 0xf2, 0x2f, 0xf4, 0x4f, 0xfe, 0x20, 0x0,
    0x8, 0xff, 0xe3, 0x0, 0x0, 0x6f, 0xff, 0x30,
    0x0, 0x5, 0xff, 0xe0, 0x8f, 0xe0, 0x7f, 0xf3,
    0x8f, 0xf0, 0x4f, 0xf5, 0x7f, 0xfb, 0xdf, 0xf3,
    0x2f, 0xff, 0xff, 0xd0, 0x5, 0xcf, 0xeb, 0x20,

    /* U+0054 "T" */
    0xdf, 0xff, 0xff, 0xaf, 0xff, 0xff, 0xfb, 0x79,
    0xff, 0xe9, 0x50, 0xd, 0xfa, 0x0, 0x0, 0xdf,
    0xa0, 0x0, 0xd, 0xfa, 0x0, 0x0, 0xdf, 0xa0,
    0x0, 0xd, 0xfa, 0x0, 0x0, 0xdf, 0xa0, 0x0,
    0xd, 0xfa, 0x0, 0x0, 0xdf, 0xa0, 0x0, 0xd,
    0xfa, 0x0, 0x0, 0xdf, 0xa0, 0x0, 0xb, 0xf8,
    0x0,

    /* U+0055 "U" */
    0x3f, 0xf1, 0xc, 0xf8, 0x4f, 0xf2, 0xd, 0xf9,
    0x4f, 0xf2, 0xd, 0xf9, 0x4f, 0xf2, 0xd, 0xf9,
    0x4f, 0xf2, 0xd, 0xf9, 0x4f, 0xf2, 0xd, 0xf9,
    0x4f, 0xf2, 0xd, 0xf9, 0x4f, 0xf2, 0xd, 0xf9,
    0x4f, 0xf2, 0xd, 0xf9, 0x4f, 0xf2, 0xd, 0xf9,
    0x4f, 0xf3, 0xe, 0xf9, 0x2f, 0xfd, 0xbf, 0xf7,
    0xd, 0xff, 0xff, 0xf2, 0x2, 0xbe, 0xfd, 0x50,

    /* U+0056 "V" */
    0x8f, 0xb0, 0xe, 0xf5, 0xaf, 0xd0, 0xf, 0xf6,
    0xaf, 0xd0, 0xf, 0xf6, 0xaf, 0xd0, 0xf, 0xf6,
    0xaf, 0xd0, 0xf, 0xf6, 0x9f, 0xe0, 0x1f, 0xf5,
    0x6f, 0xf0, 0x4f, 0xf2, 0x3f, 0xf3, 0x6f, 0xf0,
    0xf, 0xf5, 0x9f, 0xc0, 0xc, 0xf8, 0xbf, 0x90,
    0x9, 0xfd, 0xff, 0x50, 0x6, 0xff, 0xff, 0x20,
    0x2, 0xff, 0xff, 0x0, 0x0, 0xcf, 0xf9, 0x0,

    /* U+0057 "W" */
    0x8f, 0xc0, 0x4f, 0xf1, 0xf, 0xf4, 0x9f, 0xd0,
    0x5f, 0xf1, 0x1f, 0xf6, 0x9f, 0xd0, 0x5f, 0xf1,
    0x1f, 0xf6, 0x9f, 0xd0, 0x5f, 0xf1, 0x1f, 0xf6,
    0x9f, 0xd0, 0x5f, 0xf2, 0x1f, 0xf5, 0x8f, 0xe0,
    0x6f, 0xf3, 0x2f, 0xf4, 0x6f, 0xf0, 0x8f, 0xf5,
    0x3f, 0xf2, 0x3f, 0xf1, 0xbf, 0xf7, 0x5f, 0xf0,
    0x1f, 0xf3, 0xdf, 0xfa, 0x6f, 0xd0, 0xf, 0xf5,
    0xff, 0xfc, 0x8f, 0xb0, 0xc, 0xfc, 0xfb, 0xef,
    0xdf, 0x80, 0xa, 0xff, 0xf9, 0xcf, 0xff, 0x60,
    0x8, 0xff, 0xf7, 0xaf, 0xff, 0x40, 0x3, 0xef,
    0xe2, 0x5e, 0xfd, 0x0,

    /* U+0058 "X" */
    0x7f, 0xe0, 0xe, 0xf6, 0x8f, 0xf0, 0xf, 0xf8,
    0x8f, 0xf0, 0xf, 0xf8, 0x7f, 0xf3, 0x3f, 0xf7,
    0x2f, 0xfc, 0xcf, 0xf2, 0x9, 0xff, 0xff, 0x90,
    0x0, 0xdf, 0xfd, 0x0, 0x0, 0xdf, 0xfd, 0x0,
    0x9, 0xff, 0xff, 0x90, 0x2f, 0xfb, 0xcf, 0xf2,
    0x7f, 0xf3, 0x3f, 0xf7, 0x8f, 0xf0, 0xf, 0xf8,
    0x8f, 0xf0, 0xf, 0xf8, 0x7f, 0xe0, 0xe, 0xf7,

    /* U+0059 "Y" */
    0xaf, 0xb0, 0x2f, 0xf3, 0xbf, 0xd0, 0x3f, 0xf5,
    0xbf, 0xd0, 0x3f, 0xf5, 0xaf, 0xf0, 0x5f, 0xf4,
    0x6f, 0xf2, 0x9f, 0xf0, 0x1f, 0xf6, 0xdf, 0xa0,
    0xa, 0xff, 0xff, 0x40, 0x4, 0xff, 0xfd, 0x0,
    0x0, 0xdf, 0xf7, 0x0, 0x0, 0x8f, 0xf1, 0x0,
    0x0, 0x6f, 0xf0, 0x0, 0x0, 0x6f, 0xf0, 0x0,
    0x0, 0x6f, 0xf0, 0x0, 0x0, 0x5f, 0xe0, 0x0,

    /* U+005A "Z" */
    0x8f, 0xff, 0xff, 0x39, 0xff, 0xff, 0xf4, 0x37,
    0x7a, 0xff, 0x40, 0x0, 0x3f, 0xf4, 0x0, 0x7,
    0xff, 0x30, 0x2, 0xff, 0xc0, 0x0, 0xcf, 0xf3,
    0x0, 0x6f, 0xf8, 0x0, 0x1f, 0xfd, 0x0, 0x7,
    0xff, 0x30, 0x0, 0x9f, 0xe0, 0x0, 0x9, 0xff,
    0x87, 0x71, 0x9f, 0xff, 0xff, 0x48, 0xff, 0xff,
    0xf3,

    /* U+005B "[" */
    0x8, 0x99, 0x73, 0xff, 0xff, 0x3f, 0xff, 0xe3,
    0xff, 0x50, 0x3f, 0xf4, 0x3, 0xff, 0x40, 0x3f,
    0xf4, 0x3, 0xff, 0x40, 0x3f, 0xf4, 0x3, 0xff,
    0x40, 0x3f, 0xf4, 0x3, 0xff, 0x40, 0x3f, 0xf4,
    0x3, 0xff, 0xb7, 0x3f, 0xff, 0xf2, 0xff, 0xfe,

    /* U+005C "\\" */
    0x57, 0x50, 0x0, 0xa, 0xff, 0x0, 0x0, 0x6f,
    0xf3, 0x0, 0x1, 0xff, 0x80, 0x0, 0xd, 0xfd,
    0x0, 0x0, 0x8f, 0xf1, 0x0, 0x4, 0xff, 0x60,
    0x0, 0xf, 0xfa, 0x0, 0x0, 0xaf, 0xf0, 0x0,
    0x6, 0xff, 0x30, 0x0, 0x1f, 0xf8, 0x0, 0x0,
    0xdf, 0xc0, 0x0, 0x8, 0xff, 0x10, 0x0, 0x4f,
    0xf6, 0x0, 0x0, 0xff, 0xa0, 0x0, 0xa, 0xfd,

    /* U+005D "]" */
    0x69, 0x99, 0x1e, 0xff, 0xf5, 0xcf, 0xff, 0x50,
    0x3f, 0xf5, 0x2, 0xff, 0x50, 0x2f, 0xf5, 0x2,
    0xff, 0x50, 0x2f, 0xf5, 0x2, 0xff, 0x50, 0x2f,
    0xf5, 0x2, 0xff, 0x50, 0x2f, 0xf5, 0x2, 0xff,
    0x56, 0xbf, 0xf5, 0xef, 0xff, 0x5c, 0xff, 0xf4,

    /* U+005E "^" */
    0x0, 0x1, 0x77, 0x0, 0x0, 0x0, 0xbf, 0xf8,
    0x0, 0x0, 0x2f, 0xff, 0xe0, 0x0, 0xa, 0xfd,
    0xff, 0x70, 0x2, 0xff, 0x59, 0xfe, 0x0, 0x9f,
    0xe0, 0x2f, 0xf6, 0xe, 0xf6, 0x0, 0x9f, 0xb0,

    /* U+005F "_" */
    0x59, 0x99, 0x99, 0x99, 0x99, 0x95, 0xbf, 0xff,
    0xff, 0xff, 0xff, 0xfc, 0xaf, 0xff, 0xff, 0xff,
    0xff, 0xfb,

    /* U+0060 "`" */
    0x4f, 0xf3, 0x0, 0xcf, 0xb0, 0x2, 0xff, 0x10,

    /* U+0061 "a" */
    0x1, 0xef, 0xfe, 0x20, 0x5, 0xff, 0xff, 0x60,
    0x7, 0xff, 0xff, 0x80, 0x9, 0xfe, 0xdf, 0xa0,
    0xb, 0xfa, 0x9f, 0xc0, 0xd, 0xf8, 0x7f, 0xe0,
    0xf, 0xf7, 0x6f, 0xf0, 0x1f, 0xf5, 0x4f, 0xf2,
    0x3f, 0xfb, 0xbf, 0xf4, 0x5f, 0xff, 0xff, 0xf6,
    0x7f, 0xff, 0xff, 0xf8, 0x9f, 0xf0, 0xe, 0xfa,
    0xbf, 0xd0, 0xc, 0xfc, 0xcf, 0x90, 0x8, 0xfd,

    /* U+0062 "b" */
    0x2f, 0xff, 0xfc, 0x60, 0x3f, 0xff, 0xff, 0xf5,
    0x3f, 0xfb, 0xbf, 0xfa, 0x3f, 0xf4, 0xd, 0xfc,
    0x3f, 0xf4, 0xd, 0xfc, 0x3f, 0xfb, 0xbf, 0xf8,
    0x3f, 0xff, 0xff, 0xe0, 0x3f, 0xff, 0xff, 0xf6,
    0x3f, 0xf5, 0x2e, 0xfc, 0x3f, 0xf4, 0xa, 0xfe,
    0x3f, 0xf4, 0xc, 0xfe, 0x3f, 0xfb, 0xbf, 0xfc,
    0x3f, 0xff, 0xff, 0xf7, 0x2f, 0xff, 0xec, 0x60,

    /* U+0063 "c" */
    0x3, 0xbe, 0xfc, 0x40, 0xe, 0xff, 0xff, 0xf1,
    0x4f, 0xfd, 0xbf, 0xf5, 0x5f, 0xf3, 0xf, 0xf7,
    0x6f, 0xf2, 0xf, 0xf7, 0x6f, 0xf2, 0x2, 0x30,
    0x6f, 0xf2, 0x0, 0x0, 0x6f, 0xf2, 0x0, 0x0,
    0x6f, 0xf2, 0x2, 0x30, 0x6f, 0xf2, 0xf, 0xf7,
    0x5f, 0xf3, 0xf, 0xf7, 0x4f, 0xfd, 0xbf, 0xf5,
    0xe, 0xff, 0xff, 0xf1, 0x3, 0xce, 0xfc, 0x40,

    /* U+0064 "d" */
    0x2f, 0xff, 0xec, 0x40, 0x3f, 0xff, 0xff, 0xf3,
    0x3f, 0xfc, 0xdf, 0xf9, 0x3f, 0xf4, 0xe, 0xfb,
    0x3f, 0xf4, 0xc, 0xfc, 0x3f, 0xf4, 0xc, 0xfc,
    0x3f, 0xf4, 0xc, 0xfc, 0x3f, 0xf4, 0xc, 0xfc,
    0x3f, 0xf4, 0xc, 0xfc, 0x3f, 0xf4, 0xc, 0xfc,
    0x3f, 0xf4, 0xf, 0xfb, 0x3f, 0xfb, 0xdf, 0xf9,
    0x3f, 0xff, 0xff, 0xf3, 0x2f, 0xff, 0xec, 0x40,

    /* U+0065 "e" */
    0x2f, 0xff, 0xff, 0x93, 0xff, 0xff, 0xfb, 0x3f,
    0xfb, 0x99, 0x53, 0xff, 0x40, 0x0, 0x3f, 0xf4,
    0x0, 0x3, 0xff, 0xb9, 0x93, 0x3f, 0xff, 0xff,
    0x73, 0xff, 0xff, 0xf6, 0x3f, 0xf5, 0x0, 0x3,
    0xff, 0x40, 0x0, 0x3f, 0xf4, 0x0, 0x3, 0xff,
    0xb9, 0x94, 0x3f, 0xff, 0xff, 0xb2, 0xff, 0xff,
    0xf9,

    /* U+0066 "f" */
    0x2f, 0xff, 0xff, 0xd3, 0xff, 0xff, 0xff, 0x3f,
    0xfb, 0x99, 0x73, 0xff, 0x40, 0x0, 0x3f, 0xf4,
    0x0, 0x3, 0xff, 0x50, 0x0, 0x3f, 0xff, 0xff,
    0x23, 0xff, 0xff, 0xf2, 0x3f, 0xfb, 0x98, 0x3,
    0xff, 0x40, 0x0, 0x3f, 0xf4, 0x0, 0x3, 0xff,
    0x40, 0x0, 0x3f, 0xf4, 0x0, 0x2, 0xff, 0x30,
    0x0,

    /* U+0067 "g" */
    0x3, 0xbe, 0xfc, 0x40, 0xe, 0xff, 0xff, 0xf1,
    0x4f, 0xfd, 0xbf, 0xf5, 0x5f, 0xf3, 0xf, 0xf7,
    0x6f, 0xf2, 0x9, 0xb4, 0x6f, 0xf2, 0x0, 0x0,
    0x6f, 0xf3, 0xff, 0xf7, 0x6f, 0xf3, 0xff, 0xf8,
    0x6f, 0xf2, 0x8f, 0xf8, 0x6f, 0xf2, 0xd, 0xf8,
    0x5f, 0xf3, 0xe, 0xf7, 0x4f, 0xfd, 0xbf, 0xf6,
    0xe, 0xff, 0xff, 0xf1, 0x3, 0xce, 0xfc, 0x40,

    /* U+0068 "h" */
    0x2f, 0xf3, 0x8, 0xfc, 0x3f, 0xf4, 0x9, 0xfd,
    0x3f, 0xf4, 0x9, 0xfd, 0x3f, 0xf4, 0x9, 0xfd,
    0x3f, 0xf4, 0x9, 0xfd, 0x3f, 0xfb, 0x9e, 0xfd,
    0x3f, 0xff, 0xff, 0xfd, 0x3f, 0xff, 0xff, 0xfd,
    0x3f, 0xf5, 0xa, 0xfd, 0x3f, 0xf4, 0x9, 0xfd,
    0x3f, 0xf4, 0x9, 0xfd, 0x3f, 0xf4, 0x9, 0xfd,
    0x3f, 0xf4, 0x9, 0xfd, 0x2f, 0xf3, 0x8, 0xfc,

    /* U+0069 "i" */
    0x2f, 0xf3, 0x3f, 0xf4, 0x3f, 0xf4, 0x3f, 0xf4,
    0x3f, 0xf4, 0x3f, 0xf4, 0x3f, 0xf4, 0x3f, 0xf4,
    0x3f, 0xf4, 0x3f, 0xf4, 0x3f, 0xf4, 0x3f, 0xf4,
    0x3f, 0xf4, 0x2f, 0xf3,

    /* U+006A "j" */
    0x0, 0x0, 0x6f, 0xe0, 0x0, 0x7, 0xff, 0x0,
    0x0, 0x7f, 0xf0, 0x0, 0x7, 0xff, 0x0, 0x0,
    0x7f, 0xf0, 0x0, 0x7, 0xff, 0x0, 0x0, 0x7f,
    0xf0, 0x0, 0x7, 0xff, 0x24, 0x10, 0x7f, 0xfd,
    0xf9, 0x7, 0xff, 0xdf, 0xa0, 0x8f, 0xfb, 0xff,
    0xae, 0xfd, 0x6f, 0xff, 0xff, 0x80, 0x8d, 0xfe,
    0x90,

    /* U+006B "k" */
    0x2f, 0xf2, 0x6, 0xff, 0x3, 0xff, 0x30, 0xef,
    0xa0, 0x3f, 0xf3, 0x6f, 0xf2, 0x3, 0xff, 0x3d,
    0xfa, 0x0, 0x3f, 0xf9, 0xff, 0x30, 0x3, 0xff,
    0xff, 0xf0, 0x0, 0x3f, 0xff, 0xff, 0x20, 0x3,
    0xff, 0xff, 0xf7, 0x0, 0x3f, 0xff, 0xcf, 0xc0,
    0x3, 0xff, 0x85, 0xff, 0x10, 0x3f, 0xf4, 0x1f,
    0xf5, 0x3, 0xff, 0x40, 0xcf, 0xa0, 0x3f, 0xf4,
    0x8, 0xff, 0x2, 0xff, 0x30, 0x3f, 0xf2,

    /* U+006C "l" */
    0x2f, 0xf3, 0x0, 0x3, 0xff, 0x40, 0x0, 0x3f,
    0xf4, 0x0, 0x3, 0xff, 0x40, 0x0, 0x3f, 0xf4,
    0x0, 0x3, 0xff, 0x40, 0x0, 0x3f, 0xf4, 0x0,
    0x3, 0xff, 0x40, 0x0, 0x3f, 0xf4, 0x0, 0x3,
    0xff, 0x40, 0x0, 0x3f, 0xf4, 0x0, 0x3, 0xff,
    0xb9, 0x93, 0x3f, 0xff, 0xff, 0x72, 0xff, 0xff,
    0xf6,

    /* U+006D "m" */
    0x2f, 0xfb, 0x0, 0xa, 0xff, 0x53, 0xff, 0xf1,
    0x0, 0xef, 0xf6, 0x3f, 0xff, 0x40, 0x1f, 0xff,
    0x63, 0xff, 0xf7, 0x4, 0xff, 0xf6, 0x3f, 0xff,
    0xa0, 0x7f, 0xff, 0x63, 0xff, 0xfd, 0xb, 0xff,
    0xf6, 0x3f, 0xff, 0xf1, 0xef, 0xff, 0x63, 0xff,
    0xcf, 0x5f, 0xdc, 0xf6, 0x3f, 0xe8, 0xfe, 0xfa,
    0xbf, 0x63, 0xfe, 0x4f, 0xff, 0x7b, 0xf6, 0x3f,
    0xe1, 0xff, 0xf3, 0xbf, 0x63, 0xfe, 0xd, 0xff,
    0xb, 0xf6, 0x3f, 0xe0, 0xaf, 0xd0, 0xbf, 0x62,
    0xfd, 0x5, 0xf8, 0xa, 0xf5,

    /* U+006E "n" */
    0x2f, 0xe1, 0x3, 0xfe, 0x3, 0xff, 0x70, 0x4f,
    0xf0, 0x3f, 0xfd, 0x4, 0xff, 0x3, 0xff, 0xf3,
    0x4f, 0xf0, 0x3f, 0xff, 0x94, 0xff, 0x3, 0xff,
    0xfe, 0x5f, 0xf0, 0x3f, 0xff, 0xfa, 0xff, 0x3,
    0xff, 0xaf, 0xff, 0xf0, 0x3f, 0xf3, 0xff, 0xff,
    0x3, 0xff, 0x1c, 0xff, 0xf0, 0x3f, 0xf1, 0x6f,
    0xff, 0x3, 0xff, 0x11, 0xff, 0xf0, 0x3f, 0xf1,
    0xa, 0xff, 0x2, 0xff, 0x0, 0x4f, 0xe0,

    /* U+006F "o" */
    0x2, 0xbe, 0xec, 0x30, 0xe, 0xff, 0xff, 0xf1,
    0x3f, 0xfd, 0xcf, 0xf6, 0x5f, 0xf3, 0x1f, 0xf7,
    0x6f, 0xf2, 0xf, 0xf8, 0x6f, 0xf2, 0xf, 0xf8,
    0x6f, 0xf2, 0xf, 0xf8, 0x6f, 0xf2, 0xf, 0xf8,
    0x6f, 0xf2, 0xf, 0xf8, 0x6f, 0xf2, 0xf, 0xf8,
    0x5f, 0xf3, 0x1f, 0xf7, 0x4f, 0xfc, 0xcf, 0xf6,
    0xe, 0xff, 0xff, 0xf1, 0x2, 0xbe, 0xfc, 0x40,

    /* U+0070 "p" */
    0x2f, 0xff, 0xec, 0x50, 0x3f, 0xff, 0xff, 0xf4,
    0x3f, 0xfb, 0xcf, 0xfa, 0x3f, 0xf4, 0xe, 0xfc,
    0x3f, 0xf4, 0xc, 0xfc, 0x3f, 0xf4, 0xe, 0xfc,
    0x3f, 0xfb, 0xbf, 0xfa, 0x3f, 0xff, 0xff, 0xf4,
    0x3f, 0xff, 0xec, 0x50, 0x3f, 0xf5, 0x0, 0x0,
    0x3f, 0xf4, 0x0, 0x0, 0x3f, 0xf4, 0x0, 0x0,
    0x3f, 0xf4, 0x0, 0x0, 0x2f, 0xf2, 0x0, 0x0,

    /* U+0071 "q" */
    0x2, 0xbe, 0xec, 0x30, 0xe, 0xff, 0xff, 0xf1,
    0x3f, 0xfd, 0xcf, 0xf6, 0x5f, 0xf3, 0x1f, 0xf7,
    0x6f, 0xf2, 0xf, 0xf8, 0x6f, 0xf2, 0xf, 0xf8,
    0x6f, 0xf2, 0xf, 0xf8, 0x6f, 0xf2, 0xf, 0xf8,
    0x6f, 0xf2, 0xf, 0xf8, 0x6f, 0xf2, 0xf, 0xf8,
    0x5f, 0xf3, 0xf, 0xf7, 0x4f, 0xfc, 0xbf, 0xf6,
    0xe, 0xff, 0xff, 0xf1, 0x3, 0xdf, 0xfe, 0x40,
    0x0, 0x2f, 0xf4, 0x0, 0x0, 0x1f, 0xf2, 0x0,

    /* U+0072 "r" */
    0x2f, 0xff, 0xec, 0x50, 0x3, 0xff, 0xff, 0xff,
    0x50, 0x3f, 0xfa, 0xaf, 0xfa, 0x3, 0xff, 0x40,
    0xdf, 0xc0, 0x3f, 0xf4, 0xc, 0xfc, 0x3, 0xff,
    0x52, 0xff, 0xc0, 0x3f, 0xff, 0xff, 0xf8, 0x3,
    0xff, 0xff, 0xfd, 0x0, 0x3f, 0xfb, 0xff, 0x80,
    0x3, 0xff, 0x4b, 0xfd, 0x0, 0x3f, 0xf4, 0x6f,
    0xf2, 0x3, 0xff, 0x41, 0xff, 0x70, 0x3f, 0xf4,
    0xc, 0xfd, 0x2, 0xff, 0x30, 0x6f, 0xf0,

    /* U+0073 "s" */
    0x4, 0xcf, 0xeb, 0x20, 0x2f, 0xff, 0xff, 0xd0,
    0x7f, 0xfb, 0xdf, 0xf3, 0x9f, 0xf0, 0x4f, 0xf4,
    0x8f, 0xf2, 0x2f, 0xf4, 0x4f, 0xfe, 0x20, 0x0,
    0x8, 0xff, 0xe3, 0x0, 0x0, 0x6f, 0xff, 0x30,
    0x0, 0x5, 0xff, 0xe0, 0x8f, 0xe0, 0x7f, 0xf3,
    0x8f, 0xf0, 0x4f, 0xf5, 0x7f, 0xfb, 0xdf, 0xf3,
    0x2f, 0xff, 0xff, 0xd0, 0x5, 0xcf, 0xeb, 0x20,

    /* U+0074 "t" */
    0xdf, 0xff, 0xff, 0xaf, 0xff, 0xff, 0xfb, 0x79,
    0xff, 0xe9, 0x50, 0xd, 0xfa, 0x0, 0x0, 0xdf,
    0xa0, 0x0, 0xd, 0xfa, 0x0, 0x0, 0xdf, 0xa0,
    0x0, 0xd, 0xfa, 0x0, 0x0, 0xdf, 0xa0, 0x0,
    0xd, 0xfa, 0x0, 0x0, 0xdf, 0xa0, 0x0, 0xd,
    0xfa, 0x0, 0x0, 0xdf, 0xa0, 0x0, 0xb, 0xf8,
    0x0,

    /* U+0075 "u" */
    0x3f, 0xf1, 0xc, 0xf8, 0x4f, 0xf2, 0xd, 0xf9,
    0x4f, 0xf2, 0xd, 0xf9, 0x4f, 0xf2, 0xd, 0xf9,
    0x4f, 0xf2, 0xd, 0xf9, 0x4f, 0xf2, 0xd, 0xf9,
    0x4f, 0xf2, 0xd, 0xf9, 0x4f, 0xf2, 0xd, 0xf9,
    0x4f, 0xf2, 0xd, 0xf9, 0x4f, 0xf2, 0xd, 0xf9,
    0x4f, 0xf3, 0xe, 0xf9, 0x2f, 0xfd, 0xbf, 0xf7,
    0xd, 0xff, 0xff, 0xf2, 0x2, 0xbe, 0xfd, 0x50,

    /* U+0076 "v" */
    0xbf, 0xb0, 0xf, 0xf7, 0xcf, 0xe0, 0x2f, 0xf7,
    0xaf, 0xf0, 0x4f, 0xf5, 0x8f, 0xf0, 0x5f, 0xf3,
    0x6f, 0xf1, 0x6f, 0xf1, 0x4f, 0xf3, 0x8f, 0xf0,
    0x2f, 0xf4, 0x9f, 0xe0, 0x1f, 0xf5, 0xaf, 0xc0,
    0xf, 0xf7, 0xbf, 0xa0, 0xd, 0xf8, 0xdf, 0x80,
    0xb, 0xfc, 0xff, 0x60, 0x9, 0xff, 0xff, 0x40,
    0x7, 0xff, 0xff, 0x30, 0x3, 0xef, 0xfc, 0x0,

    /* U+0077 "w" */
    0xaf, 0xd0, 0xe, 0xf1, 0xb, 0xfc, 0xaf, 0xf0,
    0x2f, 0xf4, 0xd, 0xfc, 0x9f, 0xf0, 0x3f, 0xf6,
    0xe, 0xfb, 0x7f, 0xf1, 0x5f, 0xf7, 0xf, 0xf9,
    0x6f, 0xf2, 0x7f, 0xf9, 0xf, 0xf8, 0x5f, 0xf3,
    0x9f, 0xfb, 0x1f, 0xf7, 0x3f, 0xf4, 0xaf, 0xfc,
    0x2f, 0xf5, 0x2f, 0xf5, 0xcf, 0xfe, 0x3f, 0xf4,
    0x1f, 0xf5, 0xef, 0xff, 0x4f, 0xf3, 0xf, 0xf7,
    0xfd, 0xbf, 0x7f, 0xf1, 0xe, 0xfc, 0xfb, 0x9f,
    0xcf, 0xf0, 0xd, 0xff, 0xf9, 0x7f, 0xff, 0xe0,
    0xb, 0xff, 0xf8, 0x5f, 0xff, 0xd0, 0x6, 0xff,
    0xe3, 0x1d, 0xff, 0x80,

    /* U+0078 "x" */
    0xcf, 0xa0, 0x2f, 0xf4, 0x9f, 0xf0, 0x7f, 0xf1,
    0x3f, 0xf3, 0xcf, 0xb0, 0xe, 0xf9, 0xff, 0x50,
    0x8, 0xff, 0xff, 0x0, 0x3, 0xff, 0xfa, 0x0,
    0x0, 0xef, 0xf6, 0x0, 0x0, 0xef, 0xf6, 0x0,
    0x3, 0xff, 0xfb, 0x0, 0x8, 0xff, 0xff, 0x0,
    0xe, 0xfd, 0xff, 0x50, 0x3f, 0xf5, 0xdf, 0xb0,
    0x9f, 0xf0, 0x8f, 0xf1, 0xcf, 0xa0, 0x3f, 0xf4,

    /* U+0079 "y" */
    0xe, 0xf9, 0x3, 0xff, 0x40, 0xbf, 0xe0, 0x7f,
    0xf2, 0x6, 0xff, 0x1a, 0xfd, 0x0, 0x2f, 0xf4,
    0xdf, 0x80, 0x0, 0xdf, 0x7f, 0xf4, 0x0, 0x8,
    0xff, 0xff, 0x0, 0x0, 0x4f, 0xff, 0xa0, 0x0,
    0x0, 0xff, 0xf6, 0x0, 0x0, 0xa, 0xff, 0x10,
    0x0, 0x0, 0x8f, 0xf0, 0x0, 0x0, 0x8, 0xfe,
    0x0, 0x0, 0x0, 0x8f, 0xe0, 0x0, 0x0, 0x8,
    0xfe, 0x0, 0x0, 0x0, 0x6f, 0xd0, 0x0,

    /* U+007A "z" */
    0x8f, 0xff, 0xff, 0x6a, 0xff, 0xff, 0xf8, 0x37,
    0x7a, 0xff, 0x60, 0x0, 0x7f, 0xf2, 0x0, 0xe,
    0xfb, 0x0, 0x4, 0xff, 0x50, 0x0, 0xbf, 0xe0,
    0x0, 0x2f, 0xf8, 0x0, 0x8, 0xff, 0x10, 0x0,
    0xef, 0xa0, 0x0, 0x5f, 0xf4, 0x0, 0x9, 0xff,
    0x87, 0x72, 0xbf, 0xff, 0xff, 0x6a, 0xff, 0xff,
    0xf5,

    /* U+007B "{" */
    0x0, 0x5, 0x40, 0x1c, 0xf9, 0xa, 0xff, 0x80,
    0xdf, 0xa0, 0xe, 0xf7, 0x0, 0xff, 0x60, 0x2f,
    0xf6, 0xd, 0xfe, 0x20, 0xff, 0xb0, 0x6, 0xff,
    0x50, 0xf, 0xf6, 0x0, 0xef, 0x60, 0xe, 0xf7,
    0x0, 0xcf, 0xf4, 0x4, 0xff, 0x90, 0x3, 0xb8,

    /* U+007C "|" */
    0x1a, 0xa1, 0x3f, 0xf4, 0x3f, 0xf4, 0x3f, 0xf4,
    0x3f, 0xf4, 0x3f, 0xf4, 0x3f, 0xf4, 0x3f, 0xf4,
    0x3f, 0xf4, 0x3f, 0xf4, 0x3f, 0xf4, 0x3f, 0xf4,
    0x3f, 0xf4, 0x3f, 0xf4, 0x3f, 0xf4, 0x2f, 0xf3,

    /* U+007D "}" */
    0x73, 0x0, 0xe, 0xf9, 0x0, 0xdf, 0xf5, 0x1,
    0xef, 0x80, 0xc, 0xf9, 0x0, 0xcf, 0xa0, 0xb,
    0xfc, 0x0, 0x6f, 0xf8, 0x2, 0xef, 0x90, 0xbf,
    0xe2, 0xc, 0xfa, 0x0, 0xcf, 0x90, 0xd, 0xf9,
    0x9, 0xff, 0x70, 0xef, 0xd1, 0xc, 0x91, 0x0,

    /* U+007E "~" */
    0x4e, 0xfb, 0x8f, 0xf0, 0xdf, 0xff, 0xff, 0xf0,
    0xef, 0x8a, 0xee, 0x60,

    /* U+F001 "" */
    0x0, 0x0, 0x0, 0x0, 0x0, 0x0, 0x0, 0x27,
    0xba, 0x0, 0x0, 0x0, 0x0, 0x0, 0x0, 0x48,
    0xdf, 0xff, 0xf2, 0x0, 0x0, 0x0, 0x1, 0x6a,
    0xff, 0xff, 0xff, 0xff, 0x20, 0x0, 0x0, 0x7c,
    0xff, 0xff, 0xff, 0xff, 0xff, 0xf2, 0x0, 0x0,
    0x4f, 0xff, 0xff, 0xff, 0xff, 0xff, 0xff, 0x20,
    0x0, 0x5, 0xff, 0xff, 0xff, 0xff, 0xb7, 0x3f,
    0xf2, 0x0, 0x0, 0x5f, 0xff, 0xfe, 0x95, 0x0,
    0x1, 0xff, 0x20, 0x0, 0x5, 0xff, 0x73, 0x0,
    0x0, 0x0, 0x1f, 0xf2, 0x0, 0x0, 0x5f, 0xe0,
    0x0, 0x0, 0x0, 0x1, 0xff, 0x20, 0x0, 0x5,
    0xfe, 0x0, 0x0, 0x0, 0x0, 0x1f, 0xf2, 0x0,
    0x0, 0x5f, 0xe0, 0x0, 0x0, 0x0, 0x1, 0xff,
    0x20, 0x0, 0x5, 0xfe, 0x0, 0x0, 0x0, 0x69,
    0x8f, 0xf2, 0x0, 0x0, 0x5f, 0xe0, 0x0, 0x2,
    0xef, 0xff, 0xff, 0x20, 0x3, 0x58, 0xfe, 0x0,
    0x0, 0x8f, 0xff, 0xff, 0xf2, 0x2d, 0xff, 0xff,
    0xe0, 0x0, 0x4, 0xff, 0xff, 0xfd, 0xb, 0xff,
    0xff, 0xfe, 0x0, 0x0, 0x4, 0xbd, 0xc8, 0x10,
    0xaf, 0xff, 0xff, 0xb0, 0x0, 0x0, 0x0, 0x0,
    0x0, 0x0, 0xaf, 0xff, 0xb1, 0x0, 0x0, 0x0,
    0x0, 0x0, 0x0, 0x0, 0x1, 0x0, 0x0, 0x0,
    0x0, 0x0, 0x0, 0x0, 0x0,

    /* U+F008 "" */
    0x51, 0x6, 0x88, 0x88, 0x88, 0x88, 0x88, 0x30,
    0x15, 0xf7, 0x6e, 0xff, 0xff, 0xff, 0xff, 0xff,
    0xb6, 0x8f, 0xfd, 0xcf, 0xf3, 0x33, 0x33, 0x33,
    0x6f, 0xec, 0xdf, 0xf2, 0xc, 0xe0, 0x0, 0x0,
    0x0, 0x3f, 0x70, 0x2f, 0xf2, 0xc, 0xe0, 0x0,
    0x0, 0x0, 0x3f, 0x80, 0x2f, 0xff, 0xff, 0xe0,
    0x0, 0x0, 0x0, 0x3f, 0xff, 0xff, 0xf4, 0x2d,
    0xf9, 0x99, 0x99, 0x99, 0xbf, 0x92, 0x4f, 0xf2,
    0xc, 0xff, 0xff, 0xff, 0xff, 0xff, 0x70, 0x2f,
    0xfb, 0xaf, 0xf1, 0x11, 0x11, 0x11, 0x5f, 0xda,
    0xbf, 0xf9, 0x8e, 0xe0, 0x0, 0x0, 0x0, 0x3f,
    0xc8, 0x9f, 0xf2, 0xc, 0xe0, 0x0, 0x0, 0x0,
    0x3f, 0x70, 0x2f, 0xf6, 0x4d, 0xe0, 0x0, 0x0,
    0x0, 0x3f, 0xa4, 0x6f, 0xfe, 0xef, 0xfb, 0xbb,
    0xbb, 0xbb, 0xcf, 0xfe, 0xef, 0xc2, 0xc, 0xff,
    0xff, 0xff, 0xff, 0xff, 0x80, 0x2c,

    /* U+F00B "" */
    0x58, 0x88, 0x70, 0x28, 0x88, 0x88, 0x88, 0x88,
    0x85, 0xff, 0xff, 0xf3, 0x9f, 0xff, 0xff, 0xff,
    0xff, 0xff, 0xff, 0xff, 0xf3, 0xaf, 0xff, 0xff,
    0xff, 0xff, 0xff, 0xff, 0xff, 0xf3, 0xaf, 0xff,
    0xff, 0xff, 0xff, 0xff, 0xbf, 0xff, 0xd1, 0x6f,
    0xff, 0xff, 0xff, 0xff, 0xfb, 0x0, 0x0, 0x0,
    0x0, 0x0, 0x0, 0x0, 0x0, 0x0, 0xcf, 0xff,
    0xe1, 0x7f, 0xff, 0xff, 0xff, 0xff, 0xfc, 0xff,
    0xff, 0xf3, 0xaf, 0xff, 0xff, 0xff, 0xff, 0xff,
    0xff, 0xff, 0xf3, 0xaf, 0xff, 0xff, 0xff, 0xff,
    0xff, 0xff, 0xff, 0xf3, 0x9f, 0xff, 0xff, 0xff,
    0xff, 0xff, 0x58, 0x88, 0x60, 0x27, 0x88, 0x88,
    0x88, 0x88, 0x85, 0x47, 0x77, 0x50, 0x17, 0x77,
    0x77, 0x77, 0x77, 0x74, 0xff, 0xff, 0xf3, 0x9f,
    0xff, 0xff, 0xff, 0xff, 0xff, 0xff, 0xff, 0xf3,
    0xaf, 0xff, 0xff, 0xff, 0xff, 0xff, 0xff, 0xff,
    0xf3, 0xaf, 0xff, 0xff, 0xff, 0xff, 0xff, 0xdf,
    0xff, 0xf1, 0x7f, 0xff, 0xff, 0xff, 0xff, 0xfd,
    0x0, 0x0, 0x0, 0x0, 0x0, 0x0, 0x0, 0x0,
    0x0,

    /* U+F00C "" */
    0x0, 0x0, 0x0, 0x0, 0x0, 0x0, 0x0, 0x5,
    0x20, 0x0, 0x0, 0x0, 0x0, 0x0, 0x0, 0x0,
    0x7f, 0xf3, 0x0, 0x0, 0x0, 0x0, 0x0, 0x0,
    0x7, 0xff, 0xfe, 0x0, 0x0, 0x0, 0x0, 0x0,
    0x0, 0x7f, 0xff, 0xf8, 0x0, 0x0, 0x0, 0x0,
    0x0, 0x7, 0xff, 0xff, 0x90, 0x9, 0xd1, 0x0,
    0x0, 0x0, 0x7f, 0xff, 0xf9, 0x0, 0x9f, 0xfd,
    0x10, 0x0, 0x7, 0xff, 0xff, 0x90, 0x0, 0xdf,
    0xff, 0xd1, 0x0, 0x7f, 0xff, 0xf9, 0x0, 0x0,
    0x2e, 0xff, 0xfd, 0x17, 0xff, 0xff, 0x90, 0x0,
    0x0, 0x2, 0xef, 0xff, 0xef, 0xff, 0xf9, 0x0,
    0x0, 0x0, 0x0, 0x2e, 0xff, 0xff, 0xff, 0x90,
    0x0, 0x0, 0x0, 0x0, 0x2, 0xef, 0xff, 0xf9,
    0x0, 0x0, 0x0, 0x0, 0x0, 0x0, 0x2e, 0xff,
    0x90, 0x0, 0x0, 0x0, 0x0, 0x0, 0x0, 0x2,
    0xd8, 0x0, 0x0, 0x0, 0x0, 0x0,

    /* U+F00D "" */
    0x2d, 0xb0, 0x0, 0x0, 0x6, 0xe6, 0xd, 0xff,
    0xc0, 0x0, 0x6, 0xff, 0xf3, 0xcf, 0xff, 0xc0,
    0x6, 0xff, 0xff, 0x31, 0xdf, 0xff, 0xc7, 0xff,
    0xff, 0x50, 0x1, 0xdf, 0xff, 0xff, 0xff, 0x50,
    0x0, 0x1, 0xdf, 0xff, 0xff, 0x50, 0x0, 0x0,
    0x7, 0xff, 0xff, 0xd0, 0x0, 0x0, 0x6, 0xff,
    0xff, 0xff, 0xc0, 0x0, 0x6, 0xff, 0xff, 0xdf,
    0xff, 0xc0, 0x6, 0xff, 0xff, 0x51, 0xdf, 0xff,
    0xc0, 0xff, 0xff, 0x50, 0x1, 0xdf, 0xff, 0x58,
    0xff, 0x50, 0x0, 0x1, 0xdf, 0xd0, 0x5, 0x30,
    0x0, 0x0, 0x1, 0x61, 0x0,

    /* U+F011 "" */
    0x0, 0x0, 0x0, 0x0, 0xcd, 0x50, 0x0, 0x0,
    0x0, 0x0, 0x0, 0x0, 0x0, 0x3f, 0xfa, 0x0,
    0x0, 0x0, 0x0, 0x0, 0x7, 0xe3, 0x3, 0xff,
    0xa0, 0xb, 0xc1, 0x0, 0x0, 0x8, 0xff, 0xb0,
    0x3f, 0xfa, 0x4, 0xff, 0xd1, 0x0, 0x4, 0xff,
    0xf6, 0x3, 0xff, 0xa0, 0x1e, 0xff, 0xa0, 0x0,
    0xdf, 0xf7, 0x0, 0x3f, 0xfa, 0x0, 0x2e, 0xff,
    0x40, 0x3f, 0xfc, 0x0, 0x3, 0xff, 0xa0, 0x0,
    0x6f, 0xfa, 0x8, 0xff, 0x60, 0x0, 0x3f, 0xfa,
    0x0, 0x0, 0xef, 0xf0, 0xaf, 0xf2, 0x0, 0x3,
    0xff, 0xa0, 0x0, 0xb, 0xff, 0x1b, 0xff, 0x10,
    0x0, 0x1f, 0xf8, 0x0, 0x0, 0xbf, 0xf1, 0x9f,
    0xf3, 0x0, 0x0, 0x24, 0x0, 0x0, 0xd, 0xff,
    0x6, 0xff, 0x90, 0x0, 0x0, 0x0, 0x0, 0x2,
    0xff, 0xd0, 0x1f, 0xff, 0x20, 0x0, 0x0, 0x0,
    0x0, 0xbf, 0xf8, 0x0, 0x9f, 0xfd, 0x20, 0x0,
    0x0, 0x0, 0x9f, 0xfe, 0x10, 0x0, 0xcf, 0xfe,
    0x71, 0x0, 0x4, 0xcf, 0xff, 0x50, 0x0, 0x1,
    0xdf, 0xff, 0xfe, 0xdf, 0xff, 0xff, 0x60, 0x0,
    0x0, 0x0, 0x9f, 0xff, 0xff, 0xff, 0xfd, 0x40,
    0x0, 0x0, 0x0, 0x0, 0x28, 0xce, 0xfd, 0xa5,
    0x0, 0x0, 0x0,

    /* U+F013 "" */
    0x0, 0x0, 0x0, 0x4, 0x66, 0x40, 0x0, 0x0,
    0x0, 0x0, 0x0, 0x0, 0x3f, 0xff, 0xf3, 0x0,
    0x0, 0x0, 0x0, 0x0, 0x0, 0x4f, 0xff, 0xf4,
    0x0, 0x0, 0x0, 0x0, 0x78, 0x17, 0xff, 0xff,
    0xff, 0x71, 0x87, 0x0, 0x4, 0xff, 0xff, 0xff,
    0xff, 0xff, 0xff, 0xff, 0x40, 0xd, 0xff, 0xff,
    0xff, 0xff, 0xff, 0xff, 0xff, 0xd0, 0x3f, 0xff,
    0xff, 0xfe, 0x88, 0xef, 0xff, 0xff, 0xf3, 0x8,
    0xff, 0xff, 0xd0, 0x0, 0xd, 0xff, 0xff, 0x80,
    0x0, 0xaf, 0xff, 0x50, 0x0, 0x5, 0xff, 0xfa,
    0x0, 0x0, 0xbf, 0xff, 0x30, 0x0, 0x3, 0xff,
    0xfb, 0x0, 0x1, 0xcf, 0xff, 0x80, 0x0, 0x8,
    0xff, 0xfc, 0x10, 0x3e, 0xff, 0xff, 0xf6, 0x0,
    0x6f, 0xff, 0xff, 0xe3, 0x1f, 0xff, 0xff, 0xff,
    0xff, 0xff, 0xff, 0xff, 0xf1, 0x9, 0xff, 0xff,
    0xff, 0xff, 0xff, 0xff, 0xff, 0x90, 0x0, 0xdf,
    0x8e, 0xff, 0xff, 0xff, 0xe8, 0xfd, 0x0, 0x0,
    0x11, 0x1, 0x9f, 0xff, 0xf9, 0x10, 0x11, 0x0,
    0x0, 0x0, 0x0, 0x4f, 0xff, 0xf4, 0x0, 0x0,
    0x0, 0x0, 0x0, 0x0, 0x2c, 0xee, 0xd2, 0x0,
    0x0, 0x0, 0x0, 0x0, 0x0, 0x0, 0x0, 0x0,
    0x0, 0x0, 0x0,

    /* U+F015 "" */
    0x0, 0x0, 0x0, 0x0, 0x8, 0x92, 0x0, 0x6b,
    0xb1, 0x0, 0x0, 0x0, 0x0, 0x0, 0x2d, 0xff,
    0xe4, 0xa, 0xff, 0x20, 0x0, 0x0, 0x0, 0x0,
    0x4e, 0xff, 0xff, 0xf6, 0xaf, 0xf2, 0x0, 0x0,
    0x0, 0x0, 0x6f, 0xfe, 0x31, 0xcf, 0xff, 0xff,
    0x20, 0x0, 0x0, 0x0, 0x9f, 0xfd, 0x25, 0x70,
    0xaf, 0xff, 0xf2, 0x0, 0x0, 0x1, 0xbf, 0xfa,
    0x8, 0xff, 0xb0, 0x7f, 0xff, 0x40, 0x0, 0x2,
    0xdf, 0xf8, 0xa, 0xff, 0xff, 0xd2, 0x5f, 0xff,
    0x50, 0x4, 0xff, 0xf5, 0x1d, 0xff, 0xff, 0xff,
    0xe4, 0x2e, 0xff, 0x70, 0xdf, 0xe3, 0x3e, 0xff,
    0xff, 0xff, 0xff, 0xf6, 0x1c, 0xff, 0x13, 0xb1,
    0x5f, 0xff, 0xff, 0xff, 0xff, 0xff, 0xf8, 0x9,
    0x60, 0x0, 0xa, 0xff, 0xff, 0xff, 0xff, 0xff,
    0xff, 0xe0, 0x0, 0x0, 0x0, 0xaf, 0xff, 0xfd,
    0x88, 0xbf, 0xff, 0xfe, 0x0, 0x0, 0x0, 0xa,
    0xff, 0xff, 0x70, 0x3, 0xff, 0xff, 0xe0, 0x0,
    0x0, 0x0, 0xaf, 0xff, 0xf7, 0x0, 0x3f, 0xff,
    0xfe, 0x0, 0x0, 0x0, 0xa, 0xff, 0xff, 0x70,
    0x3, 0xff, 0xff, 0xe0, 0x0, 0x0, 0x0, 0x8f,
    0xff, 0xf5, 0x0, 0x2f, 0xff, 0xfc, 0x0, 0x0,
    0x0, 0x0, 0x0, 0x0, 0x0, 0x0, 0x0, 0x0,
    0x0, 0x0, 0x0,

    /* U+F019 "" */
    0x0, 0x0, 0x0, 0x9, 0xaa, 0x90, 0x0, 0x0,
    0x0, 0x0, 0x0, 0x0, 0x3f, 0xff, 0xf3, 0x0,
    0x0, 0x0, 0x0, 0x0, 0x0, 0x4f, 0xff, 0xf4,
    0x0, 0x0, 0x0, 0x0, 0x0, 0x0, 0x4f, 0xff,
    0xf4, 0x0, 0x0, 0x0, 0x0, 0x0, 0x0, 0x4f,
    0xff, 0xf4, 0x0, 0x0, 0x0, 0x0, 0x0, 0x0,
    0x4f, 0xff, 0xf4, 0x0, 0x0, 0x0, 0x0, 0x0,
    0x0, 0x4f, 0xff, 0xf4, 0x0, 0x0, 0x0, 0x0,
    0xc, 0xee, 0xef, 0xff, 0xfe, 0xee, 0xc0, 0x0,
    0x0, 0x8, 0xff, 0xff, 0xff, 0xff, 0xff, 0x90,
    0x0, 0x0, 0x0, 0x8f, 0xff, 0xff, 0xff, 0xf8,
    0x0, 0x0, 0x0, 0x0, 0x8, 0xff, 0xff, 0xff,
    0x80, 0x0, 0x0, 0x0, 0x0, 0x0, 0x8f, 0xff,
    0xf8, 0x0, 0x0, 0x0, 0x24, 0x44, 0x44, 0x7,
    0xff, 0x70, 0x44, 0x44, 0x42, 0xff, 0xff, 0xff,
    0xc1, 0x66, 0x1d, 0xff, 0xff, 0xff, 0xff, 0xff,
    0xff, 0xfe, 0x66, 0xef, 0xff, 0xff, 0xff, 0xff,
    0xff, 0xff, 0xff, 0xff, 0xff, 0xff, 0xff, 0xff,
    0xff, 0xff, 0xff, 0xff, 0xff, 0xff, 0x66, 0xc4,
    0xff, 0xdf, 0xff, 0xff, 0xff, 0xff, 0xff, 0xff,
    0xff, 0xfd, 0x0, 0x0, 0x0, 0x0, 0x0, 0x0,
    0x0, 0x0, 0x0,

    /* U+F01C "" */
    0x0, 0x0, 0x4, 0x44, 0x44, 0x44, 0x44, 0x41,
    0x0, 0x0, 0x0, 0x0, 0x1e, 0xff, 0xff, 0xff,
    0xff, 0xff, 0xf4, 0x0, 0x0, 0x0, 0xb, 0xff,
    0xff, 0xff, 0xff, 0xff, 0xff, 0xe1, 0x0, 0x0,
    0x6, 0xff, 0x50, 0x0, 0x0, 0x0, 0x1, 0xff,
    0xa0, 0x0, 0x1, 0xff, 0x90, 0x0, 0x0, 0x0,
    0x0, 0x5, 0xff, 0x50, 0x0, 0xbf, 0xd0, 0x0,
    0x0, 0x0, 0x0, 0x0, 0xa, 0xfe, 0x10, 0x6f,
    0xf3, 0x0, 0x0, 0x0, 0x0, 0x0, 0x0, 0x1e,
    0xfa, 0xe, 0xff, 0xcc, 0xcc, 0x20, 0x0, 0x0,
    0xbc, 0xcc, 0xef, 0xf2, 0xff, 0xff, 0xff, 0xfa,
    0x0, 0x0, 0x6f, 0xff, 0xff, 0xff, 0x4f, 0xff,
    0xff, 0xff, 0xf8, 0x88, 0x8e, 0xff, 0xff, 0xff,
    0xf4, 0xff, 0xff, 0xff, 0xff, 0xff, 0xff, 0xff,
    0xff, 0xff, 0xff, 0x4f, 0xff, 0xff, 0xff, 0xff,
    0xff, 0xff, 0xff, 0xff, 0xff, 0xf4, 0xff, 0xff,
    0xff, 0xff, 0xff, 0xff, 0xff, 0xff, 0xff, 0xff,
    0x37, 0xff, 0xff, 0xff, 0xff, 0xff, 0xff, 0xff,
    0xff, 0xff, 0xa0,

    /* U+F021 "" */
    0x0, 0x0, 0x0, 0x15, 0x66, 0x40, 0x0, 0x5,
    0xcb, 0x0, 0x0, 0x3b, 0xff, 0xff, 0xff, 0x92,
    0x7, 0xff, 0x0, 0x7, 0xff, 0xff, 0xff, 0xff,
    0xff, 0x66, 0xff, 0x0, 0x8f, 0xff, 0xa4, 0x12,
    0x5b, 0xff, 0xfd, 0xff, 0x4, 0xff, 0xe4, 0x0,
    0x0, 0x0, 0x4e, 0xff, 0xff, 0xd, 0xff, 0x30,
    0x0, 0x0, 0x45, 0x46, 0xff, 0xff, 0x4f, 0xf7,
    0x0, 0x0, 0x0, 0xdf, 0xff, 0xff, 0xff, 0x8f,
    0xf1, 0x0, 0x0, 0x0, 0xdf, 0xff, 0xff, 0xff,
    0x2, 0x10, 0x0, 0x0, 0x0, 0x12, 0x22, 0x22,
    0x21, 0x0, 0x0, 0x0, 0x0, 0x0, 0x0, 0x0,
    0x0, 0x0, 0x67, 0x77, 0x77, 0x75, 0x0, 0x0,
    0x0, 0x6, 0x73, 0xff, 0xff, 0xff, 0xfe, 0x0,
    0x0, 0x0, 0x3f, 0xf6, 0xff, 0xff, 0xee, 0xfd,
    0x0, 0x0, 0x0, 0xcf, 0xf1, 0xff, 0xff, 0x70,
    0x0, 0x0, 0x0, 0x9, 0xff, 0xa0, 0xff, 0xff,
    0xfb, 0x20, 0x0, 0x2, 0xbf, 0xfe, 0x10, 0xff,
    0x8d, 0xff, 0xfc, 0xa9, 0xcf, 0xff, 0xe2, 0x0,
    0xff, 0x61, 0x9f, 0xff, 0xff, 0xff, 0xfb, 0x10,
    0x0, 0xff, 0x70, 0x1, 0x7c, 0xee, 0xd9, 0x30,
    0x0, 0x0, 0x56, 0x20, 0x0, 0x0, 0x0, 0x0,
    0x0, 0x0, 0x0,

    /* U+F026 "" */
    0x0, 0x0, 0x0, 0x2, 0x40, 0x0, 0x0, 0x2,
    0xef, 0x0, 0x0, 0x2, 0xef, 0xf0, 0x0, 0x3,
    0xef, 0xff, 0xdf, 0xff, 0xff, 0xff, 0xff, 0xff,
    0xff, 0xff, 0xff, 0xff, 0xff, 0xff, 0xff, 0xff,
    0xff, 0xff, 0xff, 0xff, 0xff, 0xff, 0xff, 0xff,
    0xff, 0xff, 0xff, 0xff, 0xff, 0x7b, 0xbb, 0xdf,
    0xff, 0xf0, 0x0, 0x0, 0xbf, 0xff, 0x0, 0x0,
    0x0, 0xbf, 0xf0, 0x0, 0x0, 0x0, 0xbe, 0x0,
    0x0, 0x0, 0x0, 0x0,

    /* U+F027 "" */
    0x0, 0x0, 0x0, 0x2, 0x40, 0x0, 0x0, 0x0,
    0x0, 0x0, 0x2e, 0xf0, 0x0, 0x0, 0x0, 0x0,
    0x2, 0xef, 0xf0, 0x0, 0x0, 0x0, 0x0, 0x3e,
    0xff, 0xf0, 0x0, 0x0, 0xdf, 0xff, 0xff, 0xff,
    0xf0, 0x7, 0x10, 0xff, 0xff, 0xff, 0xff, 0xf0,
    0x3f, 0xd0, 0xff, 0xff, 0xff, 0xff, 0xf0, 0x8,
    0xf5, 0xff, 0xff, 0xff, 0xff, 0xf0, 0x4, 0xf7,
    0xff, 0xff, 0xff, 0xff, 0xf0, 0xd, 0xf3, 0xff,
    0xff, 0xff, 0xff, 0xf0, 0x3f, 0x70, 0x8b, 0xbb,
    0xdf, 0xff, 0xf0, 0x0, 0x0, 0x0, 0x0, 0xb,
    0xff, 0xf0, 0x0, 0x0, 0x0, 0x0, 0x0, 0xbf,
    0xf0, 0x0, 0x0, 0x0, 0x0, 0x0, 0xb, 0xe0,
    0x0, 0x0, 0x0, 0x0, 0x0, 0x0, 0x0, 0x0,
    0x0,

    /* U+F028 "" */
    0x0, 0x0, 0x0, 0x0, 0x0, 0x0, 0x0, 0x1,
    0x0, 0x0, 0x0, 0x0, 0x0, 0x0, 0x0, 0x0,
    0x0, 0x7, 0xf6, 0x0, 0x0, 0x0, 0x0, 0x0,
    0x2, 0x40, 0x0, 0x0, 0x2d, 0xf8, 0x0, 0x0,
    0x0, 0x0, 0x2, 0xef, 0x0, 0x0, 0x40, 0x1c,
    0xf4, 0x0, 0x0, 0x0, 0x2, 0xef, 0xf0, 0x0,
    0x5f, 0xb0, 0x1e, 0xe1, 0x0, 0x0, 0x3, 0xef,
    0xff, 0x0, 0x0, 0xaf, 0xa0, 0x6f, 0x70, 0xdf,
    0xff, 0xff, 0xff, 0xf0, 0x7, 0x10, 0xbf, 0x30,
    0xfd, 0xf, 0xff, 0xff, 0xff, 0xff, 0x3, 0xfd,
    0x3, 0xf9, 0xa, 0xf0, 0xff, 0xff, 0xff, 0xff,
    0xf0, 0x7, 0xf5, 0xe, 0xc0, 0x8f, 0x2f, 0xff,
    0xff, 0xff, 0xff, 0x0, 0x4f, 0x70, 0xdd, 0x7,
    0xf3, 0xff, 0xff, 0xff, 0xff, 0xf0, 0x1d, 0xf3,
    0xf, 0xb0, 0x9f, 0x2f, 0xff, 0xff, 0xff, 0xff,
    0x3, 0xf7, 0x7, 0xf6, 0xc, 0xf0, 0x7b, 0xbb,
    0xdf, 0xff, 0xf0, 0x0, 0x3, 0xfe, 0x12, 0xfa,
    0x0, 0x0, 0x0, 0xbf, 0xff, 0x0, 0x3, 0xff,
    0x40, 0xaf, 0x30, 0x0, 0x0, 0x0, 0xbf, 0xf0,
    0x0, 0x3c, 0x30, 0x6f, 0xa0, 0x0, 0x0, 0x0,
    0x0, 0xbe, 0x0, 0x0, 0x0, 0x6f, 0xe1, 0x0,
    0x0, 0x0, 0x0, 0x0, 0x0, 0x0, 0x0, 0x6f,
    0xd2, 0x0, 0x0, 0x0, 0x0, 0x0, 0x0, 0x0,
    0x0, 0x3, 0x90, 0x0, 0x0,

    /* U+F03E "" */
    0x3a, 0xbb, 0xbb, 0xbb, 0xbb, 0xbb, 0xbb, 0xbb,
    0xa3, 0xef, 0xff, 0xff, 0xff, 0xff, 0xff, 0xff,
    0xff, 0xfe, 0xff, 0xd5, 0x6e, 0xff, 0xff, 0xff,
    0xff, 0xff, 0xff, 0xff, 0x20, 0x4, 0xff, 0xff,
    0xff, 0xff, 0xff, 0xff, 0xff, 0x0, 0x2, 0xff,
    0xff, 0xff, 0xbf, 0xff, 0xff, 0xff, 0x50, 0x7,
    0xff, 0xff, 0xf5, 0x9, 0xff, 0xff, 0xff, 0xfb,
    0xbf, 0xff, 0xff, 0x50, 0x0, 0x9f, 0xff, 0xff,
    0xff, 0xcb, 0xff, 0xf5, 0x0, 0x0, 0x9, 0xff,
    0xff, 0xfc, 0x0, 0xaf, 0x50, 0x0, 0x0, 0x4,
    0xff, 0xff, 0xc0, 0x0, 0x3, 0x0, 0x0, 0x0,
    0x4, 0xff, 0xff, 0x40, 0x0, 0x0, 0x0, 0x0,
    0x0, 0x4, 0xff, 0xff, 0x74, 0x44, 0x44, 0x44,
    0x44, 0x44, 0x47, 0xff, 0xff, 0xff, 0xff, 0xff,
    0xff, 0xff, 0xff, 0xff, 0xff, 0x6f, 0xff, 0xff,
    0xff, 0xff, 0xff, 0xff, 0xff, 0xf6,

    /* U+F043 "" */
    0x0, 0x0, 0x6, 0x90, 0x0, 0x0, 0x0, 0x0,
    0x1, 0xff, 0x40, 0x0, 0x0, 0x0, 0x0, 0x6f,
    0xfa, 0x0, 0x0, 0x0, 0x0, 0xd, 0xff, 0xf2,
    0x0, 0x0, 0x0, 0x5, 0xff, 0xff, 0x90, 0x0,
    0x0, 0x0, 0xef, 0xff, 0xff, 0x30, 0x0, 0x0,
    0x9f, 0xff, 0xff, 0xfd, 0x0, 0x0, 0x5f, 0xff,
    0xff, 0xff, 0xf9, 0x0, 0xe, 0xff, 0xff, 0xff,
    0xff, 0xf3, 0x7, 0xff, 0xff, 0xff, 0xff, 0xff,
    0xa0, 0xcf, 0xff, 0xff, 0xff, 0xff, 0xff, 0xf,
    0xfb, 0xff, 0xff, 0xff, 0xff, 0xf2, 0xff, 0x4a,
    0xff, 0xff, 0xff, 0xff, 0x2c, 0xf8, 0x4f, 0xff,
    0xff, 0xff, 0xf0, 0x7f, 0xf2, 0x5c, 0xff, 0xff,
    0xfb, 0x0, 0xef, 0xe5, 0x8, 0xff, 0xff, 0x30,
    0x2, 0xef, 0xff, 0xff, 0xff, 0x50, 0x0, 0x1,
    0xaf, 0xff, 0xfb, 0x30, 0x0, 0x0, 0x0, 0x3,
    0x31, 0x0, 0x0, 0x0,

    /* U+F048 "" */
    0x6b, 0x90, 0x0, 0x0, 0x3, 0xa2, 0x9f, 0xe0,
    0x0, 0x0, 0x4f, 0xf9, 0x9f, 0xe0, 0x0, 0x5,
    0xff, 0xfa, 0x9f, 0xe0, 0x0, 0x6f, 0xff, 0xfa,
    0x9f, 0xe0, 0x7, 0xff, 0xff, 0xfa, 0x9f, 0xe0,
    0x8f, 0xff, 0xff, 0xfa, 0x9f, 0xe9, 0xff, 0xff,
    0xff, 0xfa, 0x9f, 0xff, 0xff, 0xff, 0xff, 0xfa,
    0x9f, 0xff, 0xff, 0xff, 0xff, 0xfa, 0x9f, 0xfe,
    0xff, 0xff, 0xff, 0xfa, 0x9f, 0xe1, 0xdf, 0xff,
    0xff, 0xfa, 0x9f, 0xe0, 0x1c, 0xff, 0xff, 0xfa,
    0x9f, 0xe0, 0x0, 0xbf, 0xff, 0xfa, 0x9f, 0xe0,
    0x0, 0xa, 0xff, 0xfa, 0x9f, 0xe0, 0x0, 0x0,
    0x9f, 0xfa, 0x9f, 0xe0, 0x0, 0x0, 0x8, 0xf6,
    0x0, 0x0, 0x0, 0x0, 0x0, 0x0,

    /* U+F04B "" */
    0x3a, 0x70, 0x0, 0x0, 0x0, 0x0, 0x0, 0x0,
    0xef, 0xfe, 0x50, 0x0, 0x0, 0x0, 0x0, 0x0,
    0xff, 0xff, 0xfb, 0x20, 0x0, 0x0, 0x0, 0x0,
    0xff, 0xff, 0xff, 0xf8, 0x0, 0x0, 0x0, 0x0,
    0xff, 0xff, 0xff, 0xff, 0xe6, 0x0, 0x0, 0x0,
    0xff, 0xff, 0xff, 0xff, 0xff, 0xc3, 0x0, 0x0,
    0xff, 0xff, 0xff, 0xff, 0xff, 0xff, 0x91, 0x0,
    0xff, 0xff, 0xff, 0xff, 0xff, 0xff, 0xfe, 0x60,
    0xff, 0xff, 0xff, 0xff, 0xff, 0xff, 0xff, 0xf7,
    0xff, 0xff, 0xff, 0xff, 0xff, 0xff, 0xff, 0xfa,
    0xff, 0xff, 0xff, 0xff, 0xff, 0xff, 0xff, 0xe2,
    0xff, 0xff, 0xff, 0xff, 0xff, 0xff, 0xf8, 0x0,
    0xff, 0xff, 0xff, 0xff, 0xff, 0xfb, 0x20, 0x0,
    0xff, 0xff, 0xff, 0xff, 0xfd, 0x40, 0x0, 0x0,
    0xff, 0xff, 0xff, 0xff, 0x70, 0x0, 0x0, 0x0,
    0xff, 0xff, 0xff, 0xa1, 0x0, 0x0, 0x0, 0x0,
    0xff, 0xff, 0xd3, 0x0, 0x0, 0x0, 0x0, 0x0,
    0xaf, 0xe6, 0x0, 0x0, 0x0, 0x0, 0x0, 0x0,
    0x2, 0x0, 0x0, 0x0, 0x0, 0x0, 0x0, 0x0,

    /* U+F04C "" */
    0x3a, 0xbb, 0xb9, 0x10, 0x3, 0xab, 0xbb, 0x91,
    0xef, 0xff, 0xff, 0xa0, 0xe, 0xff, 0xff, 0xfa,
    0xff, 0xff, 0xff, 0xc0, 0xf, 0xff, 0xff, 0xfc,
    0xff, 0xff, 0xff, 0xc0, 0xf, 0xff, 0xff, 0xfc,
    0xff, 0xff, 0xff, 0xc0, 0xf, 0xff, 0xff, 0xfc,
    0xff, 0xff, 0xff, 0xc0, 0xf, 0xff, 0xff, 0xfc,
    0xff, 0xff, 0xff, 0xc0, 0xf, 0xff, 0xff, 0xfc,
    0xff, 0xff, 0xff, 0xc0, 0xf, 0xff, 0xff, 0xfc,
    0xff, 0xff, 0xff, 0xc0, 0xf, 0xff, 0xff, 0xfc,
    0xff, 0xff, 0xff, 0xc0, 0xf, 0xff, 0xff, 0xfc,
    0xff, 0xff, 0xff, 0xc0, 0xf, 0xff, 0xff, 0xfc,
    0xff, 0xff, 0xff, 0xc0, 0xf, 0xff, 0xff, 0xfc,
    0xff, 0xff, 0xff, 0xc0, 0xf, 0xff, 0xff, 0xfc,
    0xff, 0xff, 0xff, 0xc0, 0xf, 0xff, 0xff, 0xfc,
    0xff, 0xff, 0xff, 0xb0, 0xf, 0xff, 0xff, 0xfb,
    0x7f, 0xff, 0xfe, 0x40, 0x7, 0xff, 0xff, 0xe4,
    0x0, 0x0, 0x0, 0x0, 0x0, 0x0, 0x0, 0x0,

    /* U+F04D "" */
    0x3a, 0xbb, 0xbb, 0xbb, 0xbb, 0xbb, 0xbb, 0x91,
    0xef, 0xff, 0xff, 0xff, 0xff, 0xff, 0xff, 0xfa,
    0xff, 0xff, 0xff, 0xff, 0xff, 0xff, 0xff, 0xfc,
    0xff, 0xff, 0xff, 0xff, 0xff, 0xff, 0xff, 0xfc,
    0xff, 0xff, 0xff, 0xff, 0xff, 0xff, 0xff, 0xfc,
    0xff, 0xff, 0xff, 0xff, 0xff, 0xff, 0xff, 0xfc,
    0xff, 0xff, 0xff, 0xff, 0xff, 0xff, 0xff, 0xfc,
    0xff, 0xff, 0xff, 0xff, 0xff, 0xff, 0xff, 0xfc,
    0xff, 0xff, 0xff, 0xff, 0xff, 0xff, 0xff, 0xfc,
    0xff, 0xff, 0xff, 0xff, 0xff, 0xff, 0xff, 0xfc,
    0xff, 0xff, 0xff, 0xff, 0xff, 0xff, 0xff, 0xfc,
    0xff, 0xff, 0xff, 0xff, 0xff, 0xff, 0xff, 0xfc,
    0xff, 0xff, 0xff, 0xff, 0xff, 0xff, 0xff, 0xfc,
    0xff, 0xff, 0xff, 0xff, 0xff, 0xff, 0xff, 0xfc,
    0xff, 0xff, 0xff, 0xff, 0xff, 0xff, 0xff, 0xfb,
    0x7f, 0xff, 0xff, 0xff, 0xff, 0xff, 0xff, 0xe4,
    0x0, 0x0, 0x0, 0x0, 0x0, 0x0, 0x0, 0x0,

    /* U+F051 "" */
    0x4a, 0x20, 0x0, 0x0, 0xa, 0xb4, 0xbf, 0xe3,
    0x0, 0x0, 0xf, 0xf8, 0xcf, 0xff, 0x40, 0x0,
    0xf, 0xf8, 0xcf, 0xff, 0xf5, 0x0, 0xf, 0xf8,
    0xcf, 0xff, 0xff, 0x60, 0xf, 0xf8, 0xcf, 0xff,
    0xff, 0xf7, 0xf, 0xf8, 0xcf, 0xff, 0xff, 0xff,
    0x9f, 0xf8, 0xcf, 0xff, 0xff, 0xff, 0xff, 0xf8,
    0xcf, 0xff, 0xff, 0xff, 0xff, 0xf8, 0xcf, 0xff,
    0xff, 0xff, 0xdf, 0xf8, 0xcf, 0xff, 0xff, 0xfc,
    0x1f, 0xf8, 0xcf, 0xff, 0xff, 0xb0, 0xf, 0xf8,
    0xcf, 0xff, 0xfa, 0x0, 0xf, 0xf8, 0xcf, 0xff,
    0x80, 0x0, 0xf, 0xf8, 0xbf, 0xf7, 0x0, 0x0,
    0xf, 0xf8, 0x7f, 0x60, 0x0, 0x0, 0xf, 0xf7,
    0x0, 0x0, 0x0, 0x0, 0x0, 0x0,

    /* U+F052 "" */
    0x0, 0x0, 0x0, 0x2, 0xca, 0x10, 0x0, 0x0,
    0x0, 0x0, 0x0, 0x0, 0x2e, 0xff, 0xc0, 0x0,
    0x0, 0x0, 0x0, 0x0, 0x1, 0xef, 0xff, 0xfb,
    0x0, 0x0, 0x0, 0x0, 0x0, 0x1d, 0xff, 0xff,
    0xff, 0xa0, 0x0, 0x0, 0x0, 0x0, 0xcf, 0xff,
    0xff, 0xff, 0xf9, 0x0, 0x0, 0x0, 0xb, 0xff,
    0xff, 0xff, 0xff, 0xff, 0x70, 0x0, 0x0, 0xaf,
    0xff, 0xff, 0xff, 0xff, 0xff, 0xf6, 0x0, 0x8,
    0xff, 0xff, 0xff, 0xff, 0xff, 0xff, 0xff, 0x40,
    0xf, 0xff, 0xff, 0xff, 0xff, 0xff, 0xff, 0xff,
    0xb0, 0xa, 0xff, 0xff, 0xff, 0xff, 0xff, 0xff,
    0xff, 0x60, 0x0, 0x34, 0x44, 0x44, 0x44, 0x44,
    0x44, 0x42, 0x0, 0x3, 0x77, 0x77, 0x77, 0x77,
    0x77, 0x77, 0x77, 0x10, 0xf, 0xff, 0xff, 0xff,
    0xff, 0xff, 0xff, 0xff, 0xb0, 0xf, 0xff, 0xff,
    0xff, 0xff, 0xff, 0xff, 0xff, 0xc0, 0xf, 0xff,
    0xff, 0xff, 0xff, 0xff, 0xff, 0xff, 0xb0, 0xc,
    0xff, 0xff, 0xff, 0xff, 0xff, 0xff, 0xff, 0x70,
    0x0, 0x0, 0x0, 0x0, 0x0, 0x0, 0x0, 0x0,
    0x0,

    /* U+F053 "" */
    0x0, 0x0, 0x0, 0x0, 0x41, 0x0, 0x0, 0x0,
    0x0, 0x9f, 0xd0, 0x0, 0x0, 0x0, 0x9f, 0xff,
    0x20, 0x0, 0x0, 0x9f, 0xff, 0x50, 0x0, 0x0,
    0x9f, 0xff, 0x50, 0x0, 0x0, 0x9f, 0xff, 0x50,
    0x0, 0x0, 0x9f, 0xff, 0x50, 0x0, 0x0, 0x9f,
    0xff, 0x50, 0x0, 0x0, 0xe, 0xff, 0xd1, 0x0,
    0x0, 0x0, 0x3e, 0xff, 0xc1, 0x0, 0x0, 0x0,
    0x3e, 0xff, 0xc1, 0x0, 0x0, 0x0, 0x3e, 0xff,
    0xc1, 0x0, 0x0, 0x0, 0x3e, 0xff, 0xc1, 0x0,
    0x0, 0x0, 0x3e, 0xff, 0xc0, 0x0, 0x0, 0x0,
    0x3e, 0xff, 0x20, 0x0, 0x0, 0x0, 0x3c, 0x60,

    /* U+F054 "" */
    0x0, 0x50, 0x0, 0x0, 0x0, 0x0, 0x9f, 0xc1,
    0x0, 0x0, 0x0, 0xe, 0xff, 0xc1, 0x0, 0x0,
    0x0, 0x2e, 0xff, 0xc1, 0x0, 0x0, 0x0, 0x2e,
    0xff, 0xc1, 0x0, 0x0, 0x0, 0x2e, 0xff, 0xc1,
    0x0, 0x0, 0x0, 0x2e, 0xff, 0xc1, 0x0, 0x0,
    0x0, 0x2e, 0xff, 0xc0, 0x0, 0x0, 0x0, 0xaf,
    0xff, 0x20, 0x0, 0x0, 0x9f, 0xff, 0x50, 0x0,
    0x0, 0x9f, 0xff, 0x50, 0x0, 0x0, 0x9f, 0xff,
    0x50, 0x0, 0x0, 0x9f, 0xff, 0x60, 0x0, 0x0,
    0x9f, 0xff, 0x60, 0x0, 0x0, 0xe, 0xff, 0x60,
    0x0, 0x0, 0x0, 0x3d, 0x50, 0x0, 0x0, 0x0,

    /* U+F067 "" */
    0x0, 0x0, 0x0, 0x39, 0x91, 0x0, 0x0, 0x0,
    0x0, 0x0, 0x0, 0xcf, 0xf8, 0x0, 0x0, 0x0,
    0x0, 0x0, 0x0, 0xdf, 0xf9, 0x0, 0x0, 0x0,
    0x0, 0x0, 0x0, 0xdf, 0xf9, 0x0, 0x0, 0x0,
    0x0, 0x0, 0x0, 0xdf, 0xf9, 0x0, 0x0, 0x0,
    0x0, 0x0, 0x0, 0xdf, 0xf9, 0x0, 0x0, 0x0,
    0x36, 0x77, 0x77, 0xef, 0xfc, 0x77, 0x77, 0x61,
    0xef, 0xff, 0xff, 0xff, 0xff, 0xff, 0xff, 0xfa,
    0xff, 0xff, 0xff, 0xff, 0xff, 0xff, 0xff, 0xfb,
    0xae, 0xff, 0xff, 0xff, 0xff, 0xff, 0xff, 0xe6,
    0x0, 0x0, 0x0, 0xdf, 0xf9, 0x0, 0x0, 0x0,
    0x0, 0x0, 0x0, 0xdf, 0xf9, 0x0, 0x0, 0x0,
    0x0, 0x0, 0x0, 0xdf, 0xf9, 0x0, 0x0, 0x0,
    0x0, 0x0, 0x0, 0xdf, 0xf9, 0x0, 0x0, 0x0,
    0x0, 0x0, 0x0, 0xdf, 0xf9, 0x0, 0x0, 0x0,
    0x0, 0x0, 0x0, 0x9f, 0xf5, 0x0, 0x0, 0x0,
    0x0, 0x0, 0x0, 0x1, 0x10, 0x0, 0x0, 0x0,

    /* U+F068 "" */
    0x36, 0x66, 0x66, 0x66, 0x66, 0x66, 0x66, 0x61,
    0xef, 0xff, 0xff, 0xff, 0xff, 0xff, 0xff, 0xfa,
    0xff, 0xff, 0xff, 0xff, 0xff, 0xff, 0xff, 0xfb,
    0xaf, 0xff, 0xff, 0xff, 0xff, 0xff, 0xff, 0xf6,

    /* U+F06E "" */
    0x0, 0x0, 0x0, 0x3, 0x68, 0x87, 0x40, 0x0,
    0x0, 0x0, 0x0, 0x0, 0x0, 0x8e, 0xff, 0xff,
    0xff, 0xf9, 0x20, 0x0, 0x0, 0x0, 0x4, 0xef,
    0xfd, 0x63, 0x25, 0xbf, 0xff, 0x70, 0x0, 0x0,
    0x7, 0xff, 0xfa, 0x0, 0x0, 0x0, 0x7f, 0xff,
    0xa0, 0x0, 0x6, 0xff, 0xfd, 0x0, 0x8, 0xfc,
    0x20, 0x9f, 0xff, 0xa0, 0x2, 0xff, 0xff, 0x50,
    0x0, 0x8f, 0xfe, 0x12, 0xff, 0xff, 0x60, 0xcf,
    0xff, 0xf2, 0x16, 0x7f, 0xff, 0xf5, 0xe, 0xff,
    0xfe, 0x1e, 0xff, 0xff, 0x12, 0xff, 0xff, 0xff,
    0x70, 0xdf, 0xff, 0xf2, 0x6f, 0xff, 0xf3, 0xe,
    0xff, 0xff, 0xf3, 0xf, 0xff, 0xfb, 0x0, 0xbf,
    0xff, 0x90, 0x4f, 0xff, 0xf8, 0x5, 0xff, 0xfe,
    0x10, 0x1, 0xdf, 0xff, 0x40, 0x28, 0x84, 0x1,
    0xef, 0xff, 0x30, 0x0, 0x1, 0xbf, 0xff, 0x60,
    0x0, 0x4, 0xef, 0xfd, 0x30, 0x0, 0x0, 0x0,
    0x6e, 0xff, 0xfb, 0xbe, 0xff, 0xf9, 0x0, 0x0,
    0x0, 0x0, 0x0, 0x5, 0xad, 0xff, 0xeb, 0x71,
    0x0, 0x0, 0x0,

    /* U+F070 "" */
    0x4a, 0x10, 0x0, 0x0, 0x0, 0x0, 0x0, 0x0,
    0x0, 0x0, 0x0, 0xe, 0xfe, 0x30, 0x0, 0x0,
    0x0, 0x0, 0x0, 0x0, 0x0, 0x0, 0x0, 0x5f,
    0xff, 0x60, 0x0, 0x15, 0x78, 0x74, 0x0, 0x0,
    0x0, 0x0, 0x0, 0x2d, 0xff, 0xa6, 0xdf, 0xff,
    0xff, 0xff, 0xa2, 0x0, 0x0, 0x0, 0x0, 0xa,
    0xff, 0xff, 0xe8, 0x32, 0x5b, 0xff, 0xf8, 0x0,
    0x0, 0x0, 0x0, 0x6, 0xff, 0xf6, 0x0, 0x10,
    0x6, 0xff, 0xfb, 0x0, 0x0, 0x0, 0x0, 0x3,
    0xef, 0xf8, 0x7f, 0xd3, 0x9, 0xff, 0xfb, 0x0,
    0x0, 0x1e, 0x70, 0x1, 0xbf, 0xfe, 0xff, 0xf2,
    0x1f, 0xff, 0xf7, 0x0, 0x9, 0xff, 0xa0, 0x0,
    0x8f, 0xff, 0xff, 0x70, 0xdf, 0xff, 0xf1, 0x0,
    0xcf, 0xff, 0xd1, 0x0, 0x5f, 0xff, 0xf9, 0xc,
    0xff, 0xff, 0x30, 0x5, 0xff, 0xff, 0x60, 0x0,
    0x2d, 0xff, 0xb0, 0xef, 0xff, 0xb0, 0x0, 0xa,
    0xff, 0xfc, 0x0, 0x0, 0xa, 0xff, 0xef, 0xff,
    0xe1, 0x0, 0x0, 0xc, 0xff, 0xf6, 0x0, 0x0,
    0x6, 0xff, 0xff, 0xf3, 0x0, 0x0, 0x0, 0xa,
    0xff, 0xf8, 0x10, 0x0, 0x3, 0xef, 0xfa, 0x0,
    0x0, 0x0, 0x0, 0x5, 0xef, 0xff, 0xcb, 0x80,
    0x1, 0xbf, 0xfb, 0x10, 0x0, 0x0, 0x0, 0x0,
    0x5a, 0xdf, 0xfe, 0x70, 0x0, 0x8f, 0xfe, 0x30,
    0x0, 0x0, 0x0, 0x0, 0x0, 0x0, 0x0, 0x0,
    0x0, 0x5f, 0xff, 0x30, 0x0, 0x0, 0x0, 0x0,
    0x0, 0x0, 0x0, 0x0, 0x0, 0x2d, 0xe1, 0x0,
    0x0, 0x0, 0x0, 0x0, 0x0, 0x0, 0x0, 0x0,
    0x0, 0x1, 0x0,

    /* U+F071 "" */
    0x0, 0x0, 0x0, 0x0, 0x1, 0xcd, 0x40, 0x0,
    0x0, 0x0, 0x0, 0x0, 0x0, 0x0, 0x0, 0xa,
    0xff, 0xe0, 0x0, 0x0, 0x0, 0x0, 0x0, 0x0,
    0x0, 0x0, 0x4f, 0xff, 0xf8, 0x0, 0x0, 0x0,
    0x0, 0x0, 0x0, 0x0, 0x0, 0xdf, 0xff, 0xff,
    0x10, 0x0, 0x0, 0x0, 0x0, 0x0, 0x0, 0x6,
    0xff, 0xff, 0xff, 0xa0, 0x0, 0x0, 0x0, 0x0,
    0x0, 0x0, 0xe, 0xff, 0xff, 0xff, 0xf3, 0x0,
    0x0, 0x0, 0x0, 0x0, 0x0, 0x8f, 0xfb, 0x33,
    0x8f, 0xfc, 0x0, 0x0, 0x0, 0x0, 0x0, 0x2,
    0xff, 0xf9, 0x0, 0x6f, 0xff, 0x60, 0x0, 0x0,
    0x0, 0x0, 0xa, 0xff, 0xfa, 0x0, 0x6f, 0xff,
    0xe0, 0x0, 0x0, 0x0, 0x0, 0x4f, 0xff, 0xfb,
    0x0, 0x7f, 0xff, 0xf8, 0x0, 0x0, 0x0, 0x0,
    0xdf, 0xff, 0xfc, 0x0, 0x8f, 0xff, 0xff, 0x10,
    0x0, 0x0, 0x6, 0xff, 0xff, 0xfd, 0x0, 0x9f,
    0xff, 0xff, 0xa0, 0x0, 0x0, 0xe, 0xff, 0xff,
    0xff, 0xcb, 0xff, 0xff, 0xff, 0xf3, 0x0, 0x0,
    0x8f, 0xff, 0xff, 0xfc, 0x0, 0x8f, 0xff, 0xff,
    0xfc, 0x0, 0x2, 0xff, 0xff, 0xff, 0xf9, 0x0,
    0x4f, 0xff, 0xff, 0xff, 0x60, 0xa, 0xff, 0xff,
    0xff, 0xfe, 0x42, 0xcf, 0xff, 0xff, 0xff, 0xe0,
    0xf, 0xff, 0xff, 0xff, 0xff, 0xff, 0xff, 0xff,
    0xff, 0xff, 0xf3, 0x9, 0xff, 0xff, 0xff, 0xff,
    0xff, 0xff, 0xff, 0xff, 0xff, 0xd0, 0x0, 0x23,
    0x33, 0x33, 0x33, 0x33, 0x33, 0x33, 0x33, 0x33,
    0x0,

    /* U+F074 "" */
    0x0, 0x0, 0x0, 0x0, 0x0, 0x0, 0x1, 0x40,
    0x0, 0x0, 0x0, 0x0, 0x0, 0x0, 0x0, 0x7,
    0xf9, 0x0, 0x12, 0x22, 0x10, 0x0, 0x0, 0x1,
    0x29, 0xff, 0x90, 0xff, 0xff, 0xe2, 0x0, 0x0,
    0x6f, 0xff, 0xff, 0xf8, 0xff, 0xff, 0xfe, 0x20,
    0x5, 0xff, 0xff, 0xff, 0xfd, 0x9a, 0xad, 0xff,
    0xd0, 0x5f, 0xff, 0xbd, 0xff, 0xe2, 0x0, 0x0,
    0xcf, 0x44, 0xff, 0xf9, 0x8, 0xfe, 0x20, 0x0,
    0x0, 0x4, 0x4f, 0xff, 0x90, 0x4, 0xd2, 0x0,
    0x0, 0x0, 0x3, 0xff, 0xfa, 0x0, 0x0, 0x10,
    0x0, 0x0, 0x0, 0x3f, 0xff, 0xa1, 0x91, 0x6,
    0xf6, 0x0, 0x0, 0x2, 0xef, 0xfb, 0xc, 0xfc,
    0x8, 0xff, 0x60, 0xef, 0xff, 0xff, 0xb0, 0x1d,
    0xff, 0xff, 0xff, 0xf6, 0xff, 0xff, 0xfc, 0x0,
    0x2, 0xef, 0xff, 0xff, 0xfe, 0xdd, 0xdd, 0xb0,
    0x0, 0x0, 0x2d, 0xde, 0xff, 0xf5, 0x0, 0x0,
    0x0, 0x0, 0x0, 0x0, 0x8, 0xff, 0x50, 0x0,
    0x0, 0x0, 0x0, 0x0, 0x0, 0x6, 0xf5, 0x0,
    0x0, 0x0, 0x0, 0x0, 0x0, 0x0, 0x0, 0x0,
    0x0,

    /* U+F077 "" */
    0x0, 0x0, 0x0, 0x4, 0x20, 0x0, 0x0, 0x0,
    0x0, 0x0, 0x0, 0x5f, 0xe2, 0x0, 0x0, 0x0,
    0x0, 0x0, 0x5, 0xff, 0xfe, 0x20, 0x0, 0x0,
    0x0, 0x0, 0x5f, 0xff, 0xff, 0xe3, 0x0, 0x0,
    0x0, 0x6, 0xff, 0xfa, 0xcf, 0xfe, 0x30, 0x0,
    0x0, 0x6f, 0xff, 0x90, 0xc, 0xff, 0xe3, 0x0,
    0x6, 0xff, 0xf9, 0x0, 0x0, 0xcf, 0xfe, 0x30,
    0x5f, 0xff, 0x90, 0x0, 0x0, 0xc, 0xff, 0xe2,
    0xaf, 0xf9, 0x0, 0x0, 0x0, 0x0, 0xcf, 0xf6,
    0x1b, 0x80, 0x0, 0x0, 0x0, 0x0, 0xb, 0x90,

    /* U+F078 "" */
    0x3, 0x20, 0x0, 0x0, 0x0, 0x0, 0x3, 0x20,
    0x6f, 0xe2, 0x0, 0x0, 0x0, 0x0, 0x5f, 0xf2,
    0xaf, 0xfe, 0x30, 0x0, 0x0, 0x5, 0xff, 0xf6,
    0x1c, 0xff, 0xe3, 0x0, 0x0, 0x5f, 0xff, 0x90,
    0x1, 0xcf, 0xfe, 0x30, 0x5, 0xff, 0xf9, 0x0,
    0x0, 0x1c, 0xff, 0xe3, 0x5f, 0xff, 0x90, 0x0,
    0x0, 0x1, 0xcf, 0xff, 0xff, 0xf9, 0x0, 0x0,
    0x0, 0x0, 0x1c, 0xff, 0xff, 0x90, 0x0, 0x0,
    0x0, 0x0, 0x1, 0xcf, 0xf9, 0x0, 0x0, 0x0,
    0x0, 0x0, 0x0, 0x1b, 0x90, 0x0, 0x0, 0x0,

    /* U+F079 "" */
    0x0, 0x0, 0x26, 0x0, 0x0, 0x0, 0x0, 0x0,
    0x0, 0x0, 0x0, 0x0, 0x0, 0x2, 0xef, 0xa0,
    0x0, 0x44, 0x44, 0x44, 0x44, 0x42, 0x0, 0x0,
    0x0, 0x2e, 0xff, 0xfa, 0x4, 0xff, 0xff, 0xff,
    0xff, 0xfd, 0x0, 0x0, 0x3, 0xef, 0xff, 0xff,
    0xa0, 0xaf, 0xff, 0xff, 0xff, 0xfe, 0x0, 0x0,
    0xe, 0xfd, 0xef, 0xcf, 0xf8, 0x0, 0x0, 0x0,
    0x5, 0xfe, 0x0, 0x0, 0xb, 0xe2, 0xdf, 0x67,
    0xf5, 0x0, 0x0, 0x0, 0x5, 0xfe, 0x0, 0x0,
    0x0, 0x0, 0xdf, 0x60, 0x0, 0x0, 0x0, 0x0,
    0x5, 0xfe, 0x0, 0x0, 0x0, 0x0, 0xdf, 0x60,
    0x0, 0x0, 0x0, 0x0, 0x5, 0xfe, 0x0, 0x0,
    0x0, 0x0, 0xdf, 0x60, 0x0, 0x0, 0x0, 0x4,
    0x15, 0xfe, 0x3, 0x20, 0x0, 0x0, 0xdf, 0x60,
    0x0, 0x0, 0x0, 0x6f, 0xd6, 0xfe, 0x4f, 0xf1,
    0x0, 0x0, 0xdf, 0x94, 0x44, 0x44, 0x41, 0x3f,
    0xff, 0xff, 0xff, 0xc0, 0x0, 0x0, 0xdf, 0xff,
    0xff, 0xff, 0xff, 0x24, 0xff, 0xff, 0xfc, 0x10,
    0x0, 0x0, 0x9f, 0xff, 0xff, 0xff, 0xfe, 0x30,
    0x4f, 0xff, 0xc0, 0x0, 0x0, 0x0, 0x0, 0x0,
    0x0, 0x0, 0x0, 0x0, 0x4, 0xfc, 0x0, 0x0,
    0x0, 0x0, 0x0, 0x0, 0x0, 0x0, 0x0, 0x0,
    0x0, 0x10, 0x0, 0x0,

    /* U+F07B "" */
    0x17, 0x88, 0x88, 0x84, 0x0, 0x0, 0x0, 0x0,
    0x0, 0xcf, 0xff, 0xff, 0xff, 0x50, 0x0, 0x0,
    0x0, 0x0, 0xff, 0xff, 0xff, 0xff, 0xf6, 0x44,
    0x44, 0x44, 0x30, 0xff, 0xff, 0xff, 0xff, 0xff,
    0xff, 0xff, 0xff, 0xfa, 0xff, 0xff, 0xff, 0xff,
    0xff, 0xff, 0xff, 0xff, 0xff, 0xff, 0xff, 0xff,
    0xff, 0xff, 0xff, 0xff, 0xff, 0xff, 0xff, 0xff,
    0xff, 0xff, 0xff, 0xff, 0xff, 0xff, 0xff, 0xff,
    0xff, 0xff, 0xff, 0xff, 0xff, 0xff, 0xff, 0xff,
    0xff, 0xff, 0xff, 0xff, 0xff, 0xff, 0xff, 0xff,
    0xff, 0xff, 0xff, 0xff, 0xff, 0xff, 0xff, 0xff,
    0xff, 0xff, 0xff, 0xff, 0xff, 0xff, 0xff, 0xff,
    0xff, 0xff, 0xff, 0xff, 0xff, 0xff, 0xff, 0xff,
    0xff, 0xff, 0xff, 0xff, 0xff, 0xff, 0xff, 0xff,
    0xff, 0xff, 0xff, 0xff, 0xff, 0x7f, 0xff, 0xff,
    0xff, 0xff, 0xff, 0xff, 0xff, 0xf6,

    /* U+F093 "" */
    0x0, 0x0, 0x0, 0x0, 0x47, 0x0, 0x0, 0x0,
    0x0, 0x0, 0x0, 0x0, 0x4, 0xff, 0x90, 0x0,
    0x0, 0x0, 0x0, 0x0, 0x0, 0x4f, 0xff, 0xf9,
    0x0, 0x0, 0x0, 0x0, 0x0, 0x4, 0xff, 0xff,
    0xff, 0x90, 0x0, 0x0, 0x0, 0x0, 0x4f, 0xff,
    0xff, 0xff, 0xf9, 0x0, 0x0, 0x0, 0x4, 0xff,
    0xff, 0xff, 0xff, 0xff, 0x90, 0x0, 0x0, 0xc,
    0xff, 0xff, 0xff, 0xff, 0xff, 0xf1, 0x0, 0x0,
    0x0, 0x11, 0x2f, 0xff, 0xf7, 0x11, 0x10, 0x0,
    0x0, 0x0, 0x0, 0x1f, 0xff, 0xf6, 0x0, 0x0,
    0x0, 0x0, 0x0, 0x0, 0x1f, 0xff, 0xf6, 0x0,
    0x0, 0x0, 0x0, 0x0, 0x0, 0x1f, 0xff, 0xf6,
    0x0, 0x0, 0x0, 0x0, 0x0, 0x0, 0x1f, 0xff,
    0xf6, 0x0, 0x0, 0x0, 0x24, 0x44, 0x42, 0x1f,
    0xff, 0xf6, 0x24, 0x44, 0x42, 0xff, 0xff, 0xfc,
    0x8, 0xbb, 0xa2, 0xcf, 0xff, 0xff, 0xff, 0xff,
    0xff, 0xa5, 0x55, 0x5a, 0xff, 0xff, 0xff, 0xff,
    0xff, 0xff, 0xff, 0xff, 0xff, 0xff, 0xff, 0xff,
    0xff, 0xff, 0xff, 0xff, 0xff, 0xff, 0x66, 0xc4,
    0xff, 0xdf, 0xff, 0xff, 0xff, 0xff, 0xff, 0xff,
    0xff, 0xfd, 0x0, 0x0, 0x0, 0x0, 0x0, 0x0,
    0x0, 0x0, 0x0,

    /* U+F095 "" */
    0x0, 0x0, 0x0, 0x0, 0x0, 0x0, 0x2, 0xb8,
    0x41, 0x0, 0x0, 0x0, 0x0, 0x0, 0x0, 0x0,
    0x9f, 0xff, 0xfb, 0x0, 0x0, 0x0, 0x0, 0x0,
    0x0, 0x1f, 0xff, 0xff, 0xf0, 0x0, 0x0, 0x0,
    0x0, 0x0, 0x7, 0xff, 0xff, 0xfe, 0x0, 0x0,
    0x0, 0x0, 0x0, 0x0, 0xdf, 0xff, 0xff, 0xc0,
    0x0, 0x0, 0x0, 0x0, 0x0, 0xc, 0xff, 0xff,
    0xf9, 0x0, 0x0, 0x0, 0x0, 0x0, 0x0, 0xa,
    0xff, 0xff, 0x50, 0x0, 0x0, 0x0, 0x0, 0x0,
    0x0, 0xc, 0xff, 0xf1, 0x0, 0x0, 0x0, 0x0,
    0x0, 0x0, 0x3, 0xff, 0xfa, 0x0, 0x0, 0x0,
    0x0, 0x0, 0x0, 0x0, 0xdf, 0xff, 0x20, 0x0,
    0x0, 0x0, 0x0, 0x0, 0x0, 0xaf, 0xff, 0x90,
    0x0, 0x0, 0x4, 0xa5, 0x0, 0x0, 0xaf, 0xff,
    0xd0, 0x0, 0x0, 0x7d, 0xff, 0xf4, 0x2, 0xcf,
    0xff, 0xe2, 0x0, 0x0, 0xdf, 0xff, 0xff, 0xe9,
    0xff, 0xff, 0xf3, 0x0, 0x0, 0xd, 0xff, 0xff,
    0xff, 0xff, 0xff, 0xe2, 0x0, 0x0, 0x0, 0x9f,
    0xff, 0xff, 0xff, 0xff, 0xa1, 0x0, 0x0, 0x0,
    0x6, 0xff, 0xff, 0xff, 0xfc, 0x40, 0x0, 0x0,
    0x0, 0x0, 0x2f, 0xff, 0xfd, 0x83, 0x0, 0x0,
    0x0, 0x0, 0x0, 0x0, 0x23, 0x20, 0x0, 0x0,
    0x0, 0x0, 0x0, 0x0, 0x0,

    /* U+F0C4 "" */
    0x0, 0x35, 0x20, 0x0, 0x0, 0x0, 0x0, 0x0,
    0x1c, 0xff, 0xfa, 0x0, 0x0, 0x1, 0x9c, 0xa1,
    0xaf, 0xfe, 0xff, 0x60, 0x0, 0x2e, 0xff, 0xf9,
    0xef, 0x60, 0xaf, 0xb0, 0x3, 0xef, 0xff, 0xb0,
    0xef, 0x92, 0xcf, 0x90, 0x3e, 0xff, 0xfa, 0x0,
    0x7f, 0xff, 0xff, 0xe6, 0xff, 0xff, 0xa0, 0x0,
    0x8, 0xff, 0xff, 0xff, 0xff, 0xfa, 0x0, 0x0,
    0x0, 0x1, 0xcf, 0xff, 0xff, 0xa0, 0x0, 0x0,
    0x0, 0x0, 0x3f, 0xff, 0xff, 0x10, 0x0, 0x0,
    0x0, 0x36, 0xef, 0xff, 0xff, 0xd1, 0x0, 0x0,
    0x1c, 0xff, 0xff, 0xff, 0xff, 0xfd, 0x10, 0x0,
    0xaf, 0xfe, 0xff, 0xc2, 0xdf, 0xff, 0xd1, 0x0,
    0xef, 0x60, 0xaf, 0xa0, 0x1c, 0xff, 0xfe, 0x20,
    0xef, 0x92, 0xcf, 0xa0, 0x0, 0xcf, 0xff, 0xe2,
    0x7f, 0xff, 0xff, 0x40, 0x0, 0xb, 0xff, 0xf9,
    0x8, 0xff, 0xe5, 0x0, 0x0, 0x0, 0x58, 0x50,
    0x0, 0x1, 0x0, 0x0, 0x0, 0x0, 0x0, 0x0,

    /* U+F0C5 "" */
    0x0, 0x0, 0x6f, 0xff, 0xff, 0xf1, 0x68, 0x0,
    0x0, 0x0, 0xaf, 0xff, 0xff, 0xf1, 0x7f, 0x80,
    0x0, 0x0, 0xaf, 0xff, 0xff, 0xf1, 0x7f, 0xf8,
    0x36, 0x62, 0xaf, 0xff, 0xff, 0xf1, 0x36, 0x66,
    0xff, 0xf6, 0xaf, 0xff, 0xff, 0xf6, 0x22, 0x22,
    0xff, 0xf6, 0xaf, 0xff, 0xff, 0xff, 0xff, 0xfe,
    0xff, 0xf6, 0xaf, 0xff, 0xff, 0xff, 0xff, 0xfe,
    0xff, 0xf6, 0xaf, 0xff, 0xff, 0xff, 0xff, 0xfe,
    0xff, 0xf6, 0xaf, 0xff, 0xff, 0xff, 0xff, 0xfe,
    0xff, 0xf6, 0xaf, 0xff, 0xff, 0xff, 0xff, 0xfe,
    0xff, 0xf6, 0xaf, 0xff, 0xff, 0xff, 0xff, 0xfe,
    0xff, 0xf6, 0xaf, 0xff, 0xff, 0xff, 0xff, 0xfe,
    0xff, 0xf6, 0xaf, 0xff, 0xff, 0xff, 0xff, 0xfe,
    0xff, 0xf6, 0xaf, 0xff, 0xff, 0xff, 0xff, 0xfe,
    0xff, 0xf7, 0x6f, 0xff, 0xff, 0xff, 0xff, 0xfa,
    0xff, 0xfe, 0x30, 0x0, 0x0, 0x0, 0x0, 0x0,
    0xff, 0xff, 0xff, 0xff, 0xff, 0xf1, 0x0, 0x0,
    0xef, 0xff, 0xff, 0xff, 0xff, 0xf0, 0x0, 0x0,
    0x14, 0x44, 0x44, 0x44, 0x44, 0x20, 0x0, 0x0,

    /* U+F0C7 "" */
    0x5, 0x66, 0x66, 0x66, 0x66, 0x64, 0x0, 0x0,
    0xcf, 0xff, 0xff, 0xff, 0xff, 0xff, 0x90, 0x0,
    0xff, 0xed, 0xdd, 0xdd, 0xdd, 0xef, 0xf9, 0x0,
    0xff, 0x40, 0x0, 0x0, 0x0, 0xf, 0xff, 0x90,
    0xff, 0x40, 0x0, 0x0, 0x0, 0xe, 0xff, 0xf6,
    0xff, 0x40, 0x0, 0x0, 0x0, 0xe, 0xff, 0xf9,
    0xff, 0x40, 0x0, 0x0, 0x0, 0xf, 0xff, 0xf9,
    0xff, 0xff, 0xff, 0xff, 0xff, 0xff, 0xff, 0xf9,
    0xff, 0xff, 0xff, 0xff, 0xff, 0xff, 0xff, 0xf9,
    0xff, 0xff, 0xff, 0xc5, 0x7f, 0xff, 0xff, 0xf9,
    0xff, 0xff, 0xfe, 0x0, 0x5, 0xff, 0xff, 0xf9,
    0xff, 0xff, 0xfa, 0x0, 0x1, 0xff, 0xff, 0xf9,
    0xff, 0xff, 0xfd, 0x0, 0x4, 0xff, 0xff, 0xf9,
    0xff, 0xff, 0xff, 0x93, 0x4d, 0xff, 0xff, 0xf9,
    0xff, 0xff, 0xff, 0xff, 0xff, 0xff, 0xff, 0xf8,
    0x8f, 0xff, 0xff, 0xff, 0xff, 0xff, 0xff, 0xe3,
    0x1, 0x22, 0x22, 0x22, 0x22, 0x22, 0x21, 0x0,

    /* U+F0C9 "" */
    0x79, 0x99, 0x99, 0x99, 0x99, 0x99, 0x99, 0x95,
    0xff, 0xff, 0xff, 0xff, 0xff, 0xff, 0xff, 0xfc,
    0xdf, 0xff, 0xff, 0xff, 0xff, 0xff, 0xff, 0xfa,
    0x0, 0x0, 0x0, 0x0, 0x0, 0x0, 0x0, 0x0,
    0x0, 0x0, 0x0, 0x0, 0x0, 0x0, 0x0, 0x0,
    0x0, 0x0, 0x0, 0x0, 0x0, 0x0, 0x0, 0x0,
    0xef, 0xff, 0xff, 0xff, 0xff, 0xff, 0xff, 0xfa,
    0xff, 0xff, 0xff, 0xff, 0xff, 0xff, 0xff, 0xfb,
    0x68, 0x88, 0x88, 0x88, 0x88, 0x88, 0x88, 0x84,
    0x0, 0x0, 0x0, 0x0, 0x0, 0x0, 0x0, 0x0,
    0x0, 0x0, 0x0, 0x0, 0x0, 0x0, 0x0, 0x0,
    0x67, 0x77, 0x77, 0x77, 0x77, 0x77, 0x77, 0x74,
    0xff, 0xff, 0xff, 0xff, 0xff, 0xff, 0xff, 0xfb,
    0xef, 0xff, 0xff, 0xff, 0xff, 0xff, 0xff, 0xfa,
    0x0, 0x0, 0x0, 0x0, 0x0, 0x0, 0x0, 0x0,

    /* U+F0E0 "" */
    0x3, 0x44, 0x44, 0x44, 0x44, 0x44, 0x44, 0x44,
    0x30, 0xaf, 0xff, 0xff, 0xff, 0xff, 0xff, 0xff,
    0xff, 0xfa, 0xff, 0xff, 0xff, 0xff, 0xff, 0xff,
    0xff, 0xff, 0xff, 0xcf, 0xff, 0xff, 0xff, 0xff,
    0xff, 0xff, 0xff, 0xfc, 0xa, 0xff, 0xff, 0xff,
    0xff, 0xff, 0xff, 0xff, 0xa0, 0xa1, 0x6f, 0xff,
    0xff, 0xff, 0xff, 0xff, 0xf6, 0x3d, 0xfe, 0x42,
    0xdf, 0xff, 0xff, 0xff, 0xfd, 0x26, 0xff, 0xff,
    0xf9, 0x19, 0xff, 0xff, 0xff, 0x91, 0xbf, 0xff,
    0xff, 0xff, 0xd3, 0x5f, 0xff, 0xe5, 0x4e, 0xff,
    0xff, 0xff, 0xff, 0xff, 0x71, 0x99, 0x17, 0xff,
    0xff, 0xff, 0xff, 0xff, 0xff, 0xfd, 0x77, 0xdf,
    0xff, 0xff, 0xff, 0xff, 0xff, 0xff, 0xff, 0xff,
    0xff, 0xff, 0xff, 0xff, 0xff, 0xff, 0xff, 0xff,
    0xff, 0xff, 0xff, 0xff, 0xff, 0x7f, 0xff, 0xff,
    0xff, 0xff, 0xff, 0xff, 0xff, 0xf6,

    /* U+F0E7 "" */
    0x0, 0xaf, 0xff, 0xff, 0xa0, 0x0, 0x0, 0xf,
    0xff, 0xff, 0xfb, 0x0, 0x0, 0x1, 0xff, 0xff,
    0xff, 0x60, 0x0, 0x0, 0x3f, 0xff, 0xff, 0xf1,
    0x0, 0x0, 0x5, 0xff, 0xff, 0xfb, 0x0, 0x0,
    0x0, 0x8f, 0xff, 0xff, 0xa5, 0x55, 0x40, 0xa,
    0xff, 0xff, 0xff, 0xff, 0xff, 0x30, 0xcf, 0xff,
    0xff, 0xff, 0xff, 0xc0, 0xe, 0xff, 0xff, 0xff,
    0xff, 0xf3, 0x0, 0xef, 0xff, 0xff, 0xff, 0xfa,
    0x0, 0x1, 0x22, 0x23, 0xff, 0xff, 0x10, 0x0,
    0x0, 0x0, 0x4f, 0xff, 0x70, 0x0, 0x0, 0x0,
    0x8, 0xff, 0xe0, 0x0, 0x0, 0x0, 0x0, 0xcf,
    0xf5, 0x0, 0x0, 0x0, 0x0, 0xf, 0xfc, 0x0,
    0x0, 0x0, 0x0, 0x3, 0xff, 0x30, 0x0, 0x0,
    0x0, 0x0, 0x7f, 0x90, 0x0, 0x0, 0x0, 0x0,
    0x7, 0xe1, 0x0, 0x0, 0x0, 0x0, 0x0, 0x0,
    0x0, 0x0, 0x0, 0x0,

    /* U+F0EA "" */
    0x0, 0x0, 0x8d, 0x90, 0x0, 0x0, 0x0, 0x0,
    0x8b, 0xbc, 0xfa, 0xfd, 0xbb, 0x90, 0x0, 0x0,
    0xff, 0xff, 0xd0, 0xcf, 0xff, 0xf1, 0x0, 0x0,
    0xff, 0xff, 0xf8, 0xff, 0xff, 0xf1, 0x0, 0x0,
    0xff, 0xff, 0xff, 0xff, 0xff, 0xf1, 0x0, 0x0,
    0xff, 0xff, 0xf3, 0x0, 0x0, 0x0, 0x0, 0x0,
    0xff, 0xff, 0x95, 0xff, 0xff, 0xf1, 0x79, 0x0,
    0xff, 0xff, 0x88, 0xff, 0xff, 0xf1, 0x7f, 0xb0,
    0xff, 0xff, 0x88, 0xff, 0xff, 0xf1, 0x7f, 0xfa,
    0xff, 0xff, 0x88, 0xff, 0xff, 0xf2, 0x2, 0x21,
    0xff, 0xff, 0x88, 0xff, 0xff, 0xff, 0xdd, 0xdc,
    0xff, 0xff, 0x88, 0xff, 0xff, 0xff, 0xff, 0xfe,
    0xff, 0xff, 0x88, 0xff, 0xff, 0xff, 0xff, 0xfe,
    0xff, 0xff, 0x88, 0xff, 0xff, 0xff, 0xff, 0xfe,
    0x7a, 0xaa, 0x58, 0xff, 0xff, 0xff, 0xff, 0xfe,
    0x0, 0x0, 0x8, 0xff, 0xff, 0xff, 0xff, 0xfe,
    0x0, 0x0, 0x8, 0xff, 0xff, 0xff, 0xff, 0xfe,
    0x0, 0x0, 0x6, 0xff, 0xff, 0xff, 0xff, 0xfc,
    0x0, 0x0, 0x0, 0x0, 0x0, 0x0, 0x0, 0x0,

    /* U+F0F3 "" */
    0x0, 0x0, 0x0, 0x8, 0x60, 0x0, 0x0, 0x0,
    0x0, 0x0, 0x0, 0x3f, 0xf0, 0x0, 0x0, 0x0,
    0x0, 0x0, 0x6, 0xcf, 0xfa, 0x40, 0x0, 0x0,
    0x0, 0x1, 0xcf, 0xff, 0xff, 0xf9, 0x0, 0x0,
    0x0, 0xc, 0xff, 0xff, 0xff, 0xff, 0x80, 0x0,
    0x0, 0x5f, 0xff, 0xff, 0xff, 0xff, 0xf1, 0x0,
    0x0, 0x9f, 0xff, 0xff, 0xff, 0xff, 0xf5, 0x0,
    0x0, 0xbf, 0xff, 0xff, 0xff, 0xff, 0xf7, 0x0,
    0x0, 0xcf, 0xff, 0xff, 0xff, 0xff, 0xf8, 0x0,
    0x0, 0xef, 0xff, 0xff, 0xff, 0xff, 0xfa, 0x0,
    0x2, 0xff, 0xff, 0xff, 0xff, 0xff, 0xfe, 0x0,
    0x8, 0xff, 0xff, 0xff, 0xff, 0xff, 0xff, 0x40,
    0x3f, 0xff, 0xff, 0xff, 0xff, 0xff, 0xff, 0xd1,
    0xef, 0xff, 0xff, 0xff, 0xff, 0xff, 0xff, 0xfa,
    0xaf, 0xff, 0xff, 0xff, 0xff, 0xff, 0xff, 0xf7,
    0x0, 0x0, 0x0, 0x0, 0x0, 0x0, 0x0, 0x0,
    0x0, 0x0, 0x4, 0xff, 0xff, 0x0, 0x0, 0x0,
    0x0, 0x0, 0x0, 0xbf, 0xf7, 0x0, 0x0, 0x0,
    0x0, 0x0, 0x0, 0x2, 0x10, 0x0, 0x0, 0x0,

    /* U+F11C "" */
    0x4, 0x44, 0x44, 0x44, 0x44, 0x44, 0x44, 0x44,
    0x44, 0x41, 0xb, 0xff, 0xff, 0xff, 0xff, 0xff,
    0xff, 0xff, 0xff, 0xff, 0xe0, 0xff, 0xff, 0xff,
    0xff, 0xff, 0xff, 0xff, 0xff, 0xff, 0xff, 0x3f,
    0xf4, 0x4, 0xd0, 0x2f, 0x0, 0xf3, 0x3, 0xf0,
    0xf, 0xf4, 0xff, 0x40, 0x5d, 0x2, 0xf0, 0xf,
    0x40, 0x4f, 0x0, 0xff, 0x4f, 0xff, 0xff, 0xff,
    0xff, 0xff, 0xff, 0xff, 0xff, 0xff, 0xf4, 0xff,
    0xff, 0x22, 0xb7, 0x29, 0xa2, 0x4f, 0x42, 0xcf,
    0xff, 0x4f, 0xff, 0xf0, 0xa, 0x60, 0x79, 0x2,
    0xf2, 0xb, 0xff, 0xf4, 0xff, 0xff, 0xdd, 0xfe,
    0xdf, 0xfd, 0xef, 0xed, 0xff, 0xff, 0x4f, 0xf8,
    0x48, 0xe4, 0x44, 0x44, 0x44, 0x47, 0xf4, 0x5f,
    0xf4, 0xff, 0x40, 0x4d, 0x0, 0x0, 0x0, 0x0,
    0x3e, 0x0, 0xff, 0x4f, 0xf7, 0x48, 0xe4, 0x44,
    0x44, 0x44, 0x47, 0xf4, 0x4f, 0xf4, 0xff, 0xff,
    0xff, 0xff, 0xff, 0xff, 0xff, 0xff, 0xff, 0xff,
    0x37, 0xff, 0xff, 0xff, 0xff, 0xff, 0xff, 0xff,
    0xff, 0xff, 0xa0,

    /* U+F124 "" */
    0x0, 0x0, 0x0, 0x0, 0x0, 0x0, 0x0, 0x0,
    0x0, 0x0, 0x0, 0x0, 0x0, 0x0, 0x0, 0x0,
    0x0, 0x1, 0x8b, 0x30, 0x0, 0x0, 0x0, 0x0,
    0x0, 0x0, 0x2, 0xaf, 0xff, 0xd0, 0x0, 0x0,
    0x0, 0x0, 0x0, 0x3, 0xbf, 0xff, 0xff, 0xd0,
    0x0, 0x0, 0x0, 0x0, 0x5, 0xcf, 0xff, 0xff,
    0xff, 0x70, 0x0, 0x0, 0x0, 0x6, 0xdf, 0xff,
    0xff, 0xff, 0xfe, 0x0, 0x0, 0x0, 0x17, 0xef,
    0xff, 0xff, 0xff, 0xff, 0xf8, 0x0, 0x0, 0x29,
    0xff, 0xff, 0xff, 0xff, 0xff, 0xff, 0xf1, 0x0,
    0x7, 0xff, 0xff, 0xff, 0xff, 0xff, 0xff, 0xff,
    0x90, 0x0, 0xf, 0xff, 0xff, 0xff, 0xff, 0xff,
    0xff, 0xff, 0x20, 0x0, 0xb, 0xff, 0xff, 0xff,
    0xff, 0xff, 0xff, 0xfb, 0x0, 0x0, 0x0, 0x56,
    0x66, 0x66, 0x7f, 0xff, 0xff, 0xf3, 0x0, 0x0,
    0x0, 0x0, 0x0, 0x0, 0x2f, 0xff, 0xff, 0xc0,
    0x0, 0x0, 0x0, 0x0, 0x0, 0x0, 0x2f, 0xff,
    0xff, 0x50, 0x0, 0x0, 0x0, 0x0, 0x0, 0x0,
    0x2f, 0xff, 0xfd, 0x0, 0x0, 0x0, 0x0, 0x0,
    0x0, 0x0, 0x2f, 0xff, 0xf6, 0x0, 0x0, 0x0,
    0x0, 0x0, 0x0, 0x0, 0x2f, 0xff, 0xe0, 0x0,
    0x0, 0x0, 0x0, 0x0, 0x0, 0x0, 0x1f, 0xff,
    0x70, 0x0, 0x0, 0x0, 0x0, 0x0, 0x0, 0x0,
    0xc, 0xfd, 0x0, 0x0, 0x0, 0x0, 0x0, 0x0,
    0x0, 0x0, 0x0, 0x30, 0x0, 0x0, 0x0, 0x0,

    /* U+F15B "" */
    0x58, 0x88, 0x88, 0x87, 0x6, 0x0, 0x0, 0xff,
    0xff, 0xff, 0xfe, 0xf, 0x90, 0x0, 0xff, 0xff,
    0xff, 0xfe, 0xf, 0xf9, 0x0, 0xff, 0xff, 0xff,
    0xfe, 0xf, 0xff, 0x90, 0xff, 0xff, 0xff, 0xfe,
    0xf, 0xff, 0xf5, 0xff, 0xff, 0xff, 0xff, 0x32,
    0x22, 0x21, 0xff, 0xff, 0xff, 0xff, 0xff, 0xff,
    0xf8, 0xff, 0xff, 0xff, 0xff, 0xff, 0xff, 0xf8,
    0xff, 0xff, 0xff, 0xff, 0xff, 0xff, 0xf8, 0xff,
    0xff, 0xff, 0xff, 0xff, 0xff, 0xf8, 0xff, 0xff,
    0xff, 0xff, 0xff, 0xff, 0xf8, 0xff, 0xff, 0xff,
    0xff, 0xff, 0xff, 0xf8, 0xff, 0xff, 0xff, 0xff,
    0xff, 0xff, 0xf8, 0xff, 0xff, 0xff, 0xff, 0xff,
    0xff, 0xf8, 0xff, 0xff, 0xff, 0xff, 0xff, 0xff,
    0xf8, 0xff, 0xff, 0xff, 0xff, 0xff, 0xff, 0xf8,
    0xff, 0xff, 0xff, 0xff, 0xff, 0xff, 0xf8, 0xef,
    0xff, 0xff, 0xff, 0xff, 0xff, 0xf6, 0x14, 0x44,
    0x44, 0x44, 0x44, 0x44, 0x30,

    /* U+F1EB "" */
    0x0, 0x0, 0x0, 0x0, 0x0, 0x0, 0x0, 0x0,
    0x0, 0x0, 0x0, 0x0, 0x0, 0x0, 0x0, 0x36,
    0x89, 0xa9, 0x74, 0x10, 0x0, 0x0, 0x0, 0x0,
    0x0, 0x29, 0xef, 0xff, 0xff, 0xff, 0xff, 0xc6,
    0x0, 0x0, 0x0, 0x1, 0xaf, 0xff, 0xff, 0xff,
    0xff, 0xff, 0xff, 0xfe, 0x60, 0x0, 0x6, 0xff,
    0xff, 0xfc, 0x75, 0x43, 0x46, 0x9e, 0xff, 0xff,
    0xb1, 0x8, 0xff, 0xfe, 0x71, 0x0, 0x0, 0x0,
    0x0, 0x3, 0xcf, 0xff, 0xe2, 0xcf, 0xfa, 0x10,
    0x0, 0x0, 0x0, 0x0, 0x0, 0x0, 0x4e, 0xff,
    0x40, 0xb6, 0x0, 0x0, 0x59, 0xde, 0xfe, 0xc7,
    0x20, 0x0, 0x1b, 0x50, 0x0, 0x0, 0x5, 0xdf,
    0xff, 0xff, 0xff, 0xff, 0xa1, 0x0, 0x0, 0x0,
    0x0, 0x9, 0xff, 0xff, 0xfe, 0xde, 0xff, 0xff,
    0xe3, 0x0, 0x0, 0x0, 0x0, 0xdf, 0xfc, 0x40,
    0x0, 0x2, 0x8f, 0xff, 0x50, 0x0, 0x0, 0x0,
    0x1, 0xb6, 0x0, 0x0, 0x0, 0x0, 0x1b, 0x60,
    0x0, 0x0, 0x0, 0x0, 0x0, 0x0, 0x0, 0x35,
    0x0, 0x0, 0x0, 0x0, 0x0, 0x0, 0x0, 0x0,
    0x0, 0x0, 0x7f, 0xfe, 0x10, 0x0, 0x0, 0x0,
    0x0, 0x0, 0x0, 0x0, 0x0, 0xe, 0xff, 0xf6,
    0x0, 0x0, 0x0, 0x0, 0x0, 0x0, 0x0, 0x0,
    0x0, 0xdf, 0xff, 0x50, 0x0, 0x0, 0x0, 0x0,
    0x0, 0x0, 0x0, 0x0, 0x4, 0xff, 0xb0, 0x0,
    0x0, 0x0, 0x0, 0x0, 0x0, 0x0, 0x0, 0x0,
    0x0, 0x10, 0x0, 0x0, 0x0, 0x0, 0x0,

    /* U+F240 "" */
    0x4, 0x44, 0x44, 0x44, 0x44, 0x44, 0x44, 0x44,
    0x44, 0x44, 0x10, 0xa, 0xff, 0xff, 0xff, 0xff,
    0xff, 0xff, 0xff, 0xff, 0xff, 0xfe, 0x10, 0xff,
    0xff, 0xff, 0xff, 0xff, 0xff, 0xff, 0xff, 0xff,
    0xff, 0xf5, 0xf, 0xf4, 0x0, 0x0, 0x0, 0x0,
    0x0, 0x0, 0x0, 0x0, 0xff, 0xf3, 0xff, 0x4a,
    0xff, 0xff, 0xff, 0xff, 0xff, 0xff, 0xff, 0xf,
    0xff, 0x5f, 0xf4, 0xaf, 0xff, 0xff, 0xff, 0xff,
    0xff, 0xff, 0xf0, 0x3f, 0xf5, 0xff, 0x4a, 0xff,
    0xff, 0xff, 0xff, 0xff, 0xff, 0xff, 0x0, 0xef,
    0x5f, 0xf4, 0xaf, 0xff, 0xff, 0xff, 0xff, 0xff,
    0xff, 0xf0, 0x8f, 0xf5, 0xff, 0x45, 0x88, 0x88,
    0x88, 0x88, 0x88, 0x88, 0x88, 0xf, 0xff, 0x5f,
    0xf7, 0x44, 0x44, 0x44, 0x44, 0x44, 0x44, 0x44,
    0x45, 0xff, 0xc1, 0xff, 0xff, 0xff, 0xff, 0xff,
    0xff, 0xff, 0xff, 0xff, 0xff, 0xf5, 0x6, 0xef,
    0xff, 0xff, 0xff, 0xff, 0xff, 0xff, 0xff, 0xff,
    0xfb, 0x0,

    /* U+F241 "" */
    0x4, 0x44, 0x44, 0x44, 0x44, 0x44, 0x44, 0x44,
    0x44, 0x44, 0x10, 0xa, 0xff, 0xff, 0xff, 0xff,
    0xff, 0xff, 0xff, 0xff, 0xff, 0xfe, 0x10, 0xff,
    0xff, 0xff, 0xff, 0xff, 0xff, 0xff, 0xff, 0xff,
    0xff, 0xf5, 0xf, 0xf4, 0x0, 0x0, 0x0, 0x0,
    0x0, 0x0, 0x0, 0x0, 0xff, 0xf3, 0xff, 0x4d,
    0xff, 0xff, 0xff, 0xff, 0xff, 0x60, 0x0, 0xf,
    0xff, 0x5f, 0xf4, 0xdf, 0xff, 0xff, 0xff, 0xff,
    0xf6, 0x0, 0x0, 0x3f, 0xf5, 0xff, 0x4d, 0xff,
    0xff, 0xff, 0xff, 0xff, 0x60, 0x0, 0x0, 0xef,
    0x5f, 0xf4, 0xdf, 0xff, 0xff, 0xff, 0xff, 0xf6,
    0x0, 0x0, 0x8f, 0xf5, 0xff, 0x46, 0x88, 0x88,
    0x88, 0x88, 0x88, 0x30, 0x0, 0xf, 0xff, 0x5f,
    0xf7, 0x44, 0x44, 0x44, 0x44, 0x44, 0x44, 0x44,
    0x45, 0xff, 0xc1, 0xff, 0xff, 0xff, 0xff, 0xff,
    0xff, 0xff, 0xff, 0xff, 0xff, 0xf5, 0x6, 0xef,
    0xff, 0xff, 0xff, 0xff, 0xff, 0xff, 0xff, 0xff,
    0xfb, 0x0,

    /* U+F242 "" */
    0x4, 0x44, 0x44, 0x44, 0x44, 0x44, 0x44, 0x44,
    0x44, 0x44, 0x10, 0xa, 0xff, 0xff, 0xff, 0xff,
    0xff, 0xff, 0xff, 0xff, 0xff, 0xfe, 0x10, 0xff,
    0xff, 0xff, 0xff, 0xff, 0xff, 0xff, 0xff, 0xff,
    0xff, 0xf5, 0xf, 0xf4, 0x0, 0x0, 0x0, 0x0,
    0x0, 0x0, 0x0, 0x0, 0xff, 0xf3, 0xff, 0x4c,
    0xff, 0xff, 0xff, 0xf1, 0x0, 0x0, 0x0, 0xf,
    0xff, 0x5f, 0xf4, 0xcf, 0xff, 0xff, 0xff, 0x10,
    0x0, 0x0, 0x0, 0x3f, 0xf5, 0xff, 0x4c, 0xff,
    0xff, 0xff, 0xf1, 0x0, 0x0, 0x0, 0x0, 0xef,
    0x5f, 0xf4, 0xcf, 0xff, 0xff, 0xff, 0x10, 0x0,
    0x0, 0x0, 0x8f, 0xf5, 0xff, 0x46, 0x88, 0x88,
    0x88, 0x80, 0x0, 0x0, 0x0, 0xf, 0xff, 0x5f,
    0xf7, 0x44, 0x44, 0x44, 0x44, 0x44, 0x44, 0x44,
    0x45, 0xff, 0xc1, 0xff, 0xff, 0xff, 0xff, 0xff,
    0xff, 0xff, 0xff, 0xff, 0xff, 0xf5, 0x6, 0xef,
    0xff, 0xff, 0xff, 0xff, 0xff, 0xff, 0xff, 0xff,
    0xfb, 0x0,

    /* U+F243 "" */
    0x4, 0x44, 0x44, 0x44, 0x44, 0x44, 0x44, 0x44,
    0x44, 0x44, 0x10, 0xa, 0xff, 0xff, 0xff, 0xff,
    0xff, 0xff, 0xff, 0xff, 0xff, 0xfe, 0x10, 0xff,
    0xff, 0xff, 0xff, 0xff, 0xff, 0xff, 0xff, 0xff,
    0xff, 0xf5, 0xf, 0xf4, 0x0, 0x0, 0x0, 0x0,
    0x0, 0x0, 0x0, 0x0, 0xff, 0xf3, 0xff, 0x49,
    0xff, 0xfe, 0x0, 0x0, 0x0, 0x0, 0x0, 0xf,
    0xff, 0x5f, 0xf4, 0x9f, 0xff, 0xe0, 0x0, 0x0,
    0x0, 0x0, 0x0, 0x3f, 0xf5, 0xff, 0x49, 0xff,
    0xfe, 0x0, 0x0, 0x0, 0x0, 0x0, 0x0, 0xef,
    0x5f, 0xf4, 0x9f, 0xff, 0xe0, 0x0, 0x0, 0x0,
    0x0, 0x0, 0x8f, 0xf5, 0xff, 0x44, 0x88, 0x87,
    0x0, 0x0, 0x0, 0x0, 0x0, 0xf, 0xff, 0x5f,
    0xf7, 0x44, 0x44, 0x44, 0x44, 0x44, 0x44, 0x44,
    0x45, 0xff, 0xc1, 0xff, 0xff, 0xff, 0xff, 0xff,
    0xff, 0xff, 0xff, 0xff, 0xff, 0xf5, 0x6, 0xef,
    0xff, 0xff, 0xff, 0xff, 0xff, 0xff, 0xff, 0xff,
    0xfb, 0x0,

    /* U+F244 "" */
    0x4, 0x44, 0x44, 0x44, 0x44, 0x44, 0x44, 0x44,
    0x44, 0x44, 0x10, 0xa, 0xff, 0xff, 0xff, 0xff,
    0xff, 0xff, 0xff, 0xff, 0xff, 0xfe, 0x10, 0xff,
    0xff, 0xff, 0xff, 0xff, 0xff, 0xff, 0xff, 0xff,
    0xff, 0xf5, 0xf, 0xf4, 0x0, 0x0, 0x0, 0x0,
    0x0, 0x0, 0x0, 0x0, 0xff, 0xf3, 0xff, 0x40,
    0x0, 0x0, 0x0, 0x0, 0x0, 0x0, 0x0, 0xf,
    0xff, 0x5f, 0xf4, 0x0, 0x0, 0x0, 0x0, 0x0,
    0x0, 0x0, 0x0, 0x3f, 0xf5, 0xff, 0x40, 0x0,
    0x0, 0x0, 0x0, 0x0, 0x0, 0x0, 0x0, 0xef,
    0x5f, 0xf4, 0x0, 0x0, 0x0, 0x0, 0x0, 0x0,
    0x0, 0x0, 0x8f, 0xf5, 0xff, 0x40, 0x0, 0x0,
    0x0, 0x0, 0x0, 0x0, 0x0, 0xf, 0xff, 0x5f,
    0xf7, 0x44, 0x44, 0x44, 0x44, 0x44, 0x44, 0x44,
    0x45, 0xff, 0xc1, 0xff, 0xff, 0xff, 0xff, 0xff,
    0xff, 0xff, 0xff, 0xff, 0xff, 0xf5, 0x6, 0xef,
    0xff, 0xff, 0xff, 0xff, 0xff, 0xff, 0xff, 0xff,
    0xfb, 0x0,

    /* U+F287 "" */
    0x0, 0x0, 0x0, 0x0, 0x0, 0x0, 0x78, 0x10,
    0x0, 0x0, 0x0, 0x0, 0x0, 0x0, 0x0, 0x0,
    0x26, 0x9f, 0xfd, 0x0, 0x0, 0x0, 0x0, 0x0,
    0x0, 0x0, 0x0, 0x4f, 0xef, 0xff, 0xf0, 0x0,
    0x0, 0x0, 0x0, 0x0, 0x0, 0x0, 0xe, 0x80,
    0x2e, 0xf7, 0x0, 0x0, 0x0, 0x0, 0x0, 0x20,
    0x0, 0x6, 0xe0, 0x0, 0x0, 0x0, 0x0, 0x0,
    0x0, 0x3, 0xef, 0xe3, 0x0, 0xd7, 0x0, 0x0,
    0x0, 0x0, 0x2, 0xa1, 0x0, 0xcf, 0xff, 0xd4,
    0x9f, 0x55, 0x55, 0x55, 0x55, 0x55, 0x7f, 0xf7,
    0xf, 0xff, 0xff, 0xff, 0xff, 0xff, 0xff, 0xff,
    0xff, 0xff, 0xff, 0xf5, 0xaf, 0xff, 0xa0, 0x0,
    0xb, 0xb0, 0x0, 0x0, 0x0, 0x3f, 0xb2, 0x0,
    0x9c, 0x90, 0x0, 0x0, 0x3f, 0x30, 0x0, 0x0,
    0x1, 0x50, 0x0, 0x0, 0x0, 0x0, 0x0, 0x0,
    0xbb, 0x2, 0xbb, 0xb5, 0x0, 0x0, 0x0, 0x0,
    0x0, 0x0, 0x0, 0x2, 0xf9, 0x9f, 0xff, 0x80,
    0x0, 0x0, 0x0, 0x0, 0x0, 0x0, 0x0, 0x3,
    0xbd, 0xff, 0xf8, 0x0, 0x0, 0x0, 0x0, 0x0,
    0x0, 0x0, 0x0, 0x0, 0x3f, 0xff, 0x80, 0x0,
    0x0, 0x0, 0x0, 0x0, 0x0, 0x0, 0x0, 0x0,
    0x0, 0x0, 0x0, 0x0, 0x0,

    /* U+F293 "" */
    0x0, 0x1, 0x7b, 0xdd, 0xb8, 0x20, 0x0, 0x0,
    0x5f, 0xff, 0xdf, 0xff, 0xf6, 0x0, 0x4, 0xff,
    0xff, 0x68, 0xff, 0xff, 0x40, 0xe, 0xff, 0xff,
    0x60, 0x8f, 0xff, 0xd0, 0x4f, 0xff, 0xff, 0x60,
    0x9, 0xff, 0xf3, 0x8f, 0xf6, 0xbf, 0x61, 0xc0,
    0x9f, 0xf7, 0xbf, 0xf6, 0xb, 0x60, 0xe2, 0x5f,
    0xf9, 0xdf, 0xff, 0x50, 0x20, 0x33, 0xff, 0xfb,
    0xef, 0xff, 0xf5, 0x0, 0x2e, 0xff, 0xfc, 0xef,
    0xff, 0xfc, 0x0, 0x7f, 0xff, 0xfc, 0xdf, 0xff,
    0xd1, 0x0, 0x9, 0xff, 0xfc, 0xcf, 0xfc, 0x13,
    0x50, 0x90, 0xaf, 0xfb, 0xaf, 0xf2, 0x4f, 0x60,
    0xf3, 0x2f, 0xf9, 0x6f, 0xfd, 0xff, 0x70, 0x52,
    0xef, 0xf6, 0x1f, 0xff, 0xff, 0x70, 0x2e, 0xff,
    0xf1, 0x9, 0xff, 0xff, 0x72, 0xef, 0xff, 0x90,
    0x0, 0xbf, 0xff, 0xae, 0xff, 0xfd, 0x10, 0x0,
    0x5, 0xcf, 0xff, 0xfd, 0x80, 0x0, 0x0, 0x0,
    0x0, 0x11, 0x0, 0x0, 0x0,

    /* U+F2ED "" */
    0x0, 0x0, 0x5, 0x88, 0x88, 0x30, 0x0, 0x0,
    0x56, 0x66, 0x7f, 0xff, 0xff, 0xe6, 0x66, 0x63,
    0xff, 0xff, 0xff, 0xff, 0xff, 0xff, 0xff, 0xfb,
    0xcd, 0xdd, 0xdd, 0xdd, 0xdd, 0xdd, 0xdd, 0xd8,
    0x3, 0x44, 0x44, 0x44, 0x44, 0x44, 0x44, 0x20,
    0xe, 0xff, 0xff, 0xff, 0xff, 0xff, 0xff, 0xa0,
    0xe, 0xff, 0xff, 0xff, 0xff, 0xff, 0xff, 0xa0,
    0xe, 0xff, 0x1f, 0xf6, 0xaf, 0xc4, 0xff, 0xa0,
    0xe, 0xff, 0xf, 0xf5, 0x9f, 0xb3, 0xff, 0xa0,
    0xe, 0xff, 0xf, 0xf5, 0x9f, 0xb3, 0xff, 0xa0,
    0xe, 0xff, 0xf, 0xf5, 0x9f, 0xb3, 0xff, 0xa0,
    0xe, 0xff, 0xf, 0xf5, 0x9f, 0xb3, 0xff, 0xa0,
    0xe, 0xff, 0xf, 0xf5, 0x9f, 0xb3, 0xff, 0xa0,
    0xe, 0xff, 0xf, 0xf5, 0x9f, 0xb3, 0xff, 0xa0,
    0xe, 0xff, 0xf, 0xf5, 0x9f, 0xb3, 0xff, 0xa0,
    0xe, 0xff, 0x1f, 0xf6, 0xaf, 0xc4, 0xff, 0xa0,
    0xd, 0xff, 0xff, 0xff, 0xff, 0xff, 0xff, 0x90,
    0x8, 0xff, 0xff, 0xff, 0xff, 0xff, 0xff, 0x40,
    0x0, 0x24, 0x44, 0x44, 0x44, 0x44, 0x31, 0x0,

    /* U+F304 "" */
    0x0, 0x0, 0x0, 0x0, 0x0, 0x0, 0x0, 0x8a,
    0x30, 0x0, 0x0, 0x0, 0x0, 0x0, 0x0, 0x0,
    0xbf, 0xff, 0x30, 0x0, 0x0, 0x0, 0x0, 0x0,
    0x0, 0xbf, 0xff, 0xff, 0x30, 0x0, 0x0, 0x0,
    0x0, 0x0, 0x34, 0xff, 0xff, 0xfd, 0x0, 0x0,
    0x0, 0x0, 0x0, 0xbf, 0x44, 0xff, 0xff, 0xe0,
    0x0, 0x0, 0x0, 0x0, 0xbf, 0xff, 0x44, 0xff,
    0xf4, 0x0, 0x0, 0x0, 0x0, 0xbf, 0xff, 0xff,
    0x44, 0xf4, 0x0, 0x0, 0x0, 0x0, 0xbf, 0xff,
    0xff, 0xff, 0x41, 0x0, 0x0, 0x0, 0x0, 0xbf,
    0xff, 0xff, 0xff, 0xf4, 0x0, 0x0, 0x0, 0x0,
    0xbf, 0xff, 0xff, 0xff, 0xf4, 0x0, 0x0, 0x0,
    0x0, 0xbf, 0xff, 0xff, 0xff, 0xf4, 0x0, 0x0,
    0x0, 0x0, 0xbf, 0xff, 0xff, 0xff, 0xf4, 0x0,
    0x0, 0x0, 0x0, 0xbf, 0xff, 0xff, 0xff, 0xf4,
    0x0, 0x0, 0x0, 0x0, 0x8f, 0xff, 0xff, 0xff,
    0xf4, 0x0, 0x0, 0x0, 0x0, 0xa, 0xff, 0xff,
    0xff, 0xf4, 0x0, 0x0, 0x0, 0x0, 0x0, 0xcf,
    0xff, 0xff, 0xf4, 0x0, 0x0, 0x0, 0x0, 0x0,
    0xe, 0xff, 0xff, 0xf4, 0x0, 0x0, 0x0, 0x0,
    0x0, 0x0, 0xff, 0xff, 0xd4, 0x0, 0x0, 0x0,
    0x0, 0x0, 0x0, 0x2, 0x31, 0x0, 0x0, 0x0,
    0x0, 0x0, 0x0, 0x0, 0x0,

    /* U+F55A "" */
    0x0, 0x0, 0x0, 0x57, 0x88, 0x88, 0x88, 0x88,
    0x88, 0x88, 0x72, 0x0, 0x0, 0x0, 0xaf, 0xff,
    0xff, 0xff, 0xff, 0xff, 0xff, 0xff, 0xf2, 0x0,
    0x0, 0xbf, 0xff, 0xff, 0xff, 0xff, 0xff, 0xff,
    0xff, 0xff, 0x70, 0x0, 0xbf, 0xff, 0xff, 0xf8,
    0xaf, 0xff, 0xa8, 0xff, 0xff, 0xf8, 0x0, 0xbf,
    0xff, 0xff, 0xfa, 0x0, 0xaf, 0xa0, 0xa, 0xff,
    0xff, 0x80, 0xbf, 0xff, 0xff, 0xff, 0xf3, 0x0,
    0x60, 0x3, 0xff, 0xff, 0xf8, 0xaf, 0xff, 0xff,
    0xff, 0xff, 0xf3, 0x0, 0x3, 0xff, 0xff, 0xff,
    0x8e, 0xff, 0xff, 0xff, 0xff, 0xff, 0x90, 0x0,
    0x9f, 0xff, 0xff, 0xf8, 0x4f, 0xff, 0xff, 0xff,
    0xff, 0xa0, 0x0, 0x0, 0xaf, 0xff, 0xff, 0x80,
    0x4f, 0xff, 0xff, 0xff, 0xb0, 0x3, 0xe3, 0x0,
    0xbf, 0xff, 0xf8, 0x0, 0x4f, 0xff, 0xff, 0xfe,
    0x13, 0xff, 0xf3, 0x1e, 0xff, 0xff, 0x80, 0x0,
    0x4f, 0xff, 0xff, 0xfe, 0xff, 0xff, 0xfe, 0xff,
    0xff, 0xf7, 0x0, 0x0, 0x4f, 0xff, 0xff, 0xff,
    0xff, 0xff, 0xff, 0xff, 0xff, 0x50, 0x0, 0x0,
    0x3d, 0xff, 0xff, 0xff, 0xff, 0xff, 0xff, 0xff,
    0x90,

    /* U+F7C2 "" */
    0x0, 0x1, 0xcf, 0xff, 0xff, 0xfe, 0x60, 0x0,
    0x1c, 0xff, 0xff, 0xff, 0xff, 0xf2, 0x0, 0xcf,
    0x47, 0xf4, 0xd8, 0x4f, 0xf5, 0xc, 0xff, 0x3,
    0xe0, 0xc5, 0xe, 0xf5, 0xcf, 0xff, 0x3, 0xe0,
    0xc5, 0xe, 0xf5, 0xff, 0xff, 0x24, 0xe2, 0xc6,
    0x2e, 0xf5, 0xff, 0xff, 0xff, 0xff, 0xff, 0xff,
    0xf5, 0xff, 0xff, 0xff, 0xff, 0xff, 0xff, 0xf5,
    0xff, 0xff, 0xff, 0xff, 0xff, 0xff, 0xf5, 0xff,
    0xff, 0xff, 0xff, 0xff, 0xff, 0xf5, 0xff, 0xff,
    0xff, 0xff, 0xff, 0xff, 0xf5, 0xff, 0xff, 0xff,
    0xff, 0xff, 0xff, 0xf5, 0xff, 0xff, 0xff, 0xff,
    0xff, 0xff, 0xf5, 0xff, 0xff, 0xff, 0xff, 0xff,
    0xff, 0xf5, 0xff, 0xff, 0xff, 0xff, 0xff, 0xff,
    0xf5, 0xff, 0xff, 0xff, 0xff, 0xff, 0xff, 0xf5,
    0xef, 0xff, 0xff, 0xff, 0xff, 0xff, 0xf3, 0x5f,
    0xff, 0xff, 0xff, 0xff, 0xff, 0xa0, 0x1, 0x34,
    0x44, 0x44, 0x44, 0x42, 0x0,

    /* U+F8A2 "" */
    0x0, 0x0, 0x0, 0x0, 0x0, 0x0, 0x0, 0x0,
    0x3, 0x0, 0x0, 0x0, 0x0, 0x0, 0x0, 0x0,
    0x0, 0x5, 0xf1, 0x0, 0x0, 0x0, 0x0, 0x0,
    0x0, 0x0, 0x5, 0xff, 0x10, 0x0, 0x3e, 0x90,
    0x0, 0x0, 0x0, 0x0, 0xbf, 0xf1, 0x0, 0x4f,
    0xfb, 0x0, 0x0, 0x0, 0x0, 0xb, 0xff, 0x10,
    0x5f, 0xff, 0xb0, 0x0, 0x0, 0x0, 0x0, 0xbf,
    0xf1, 0x6f, 0xff, 0xff, 0xff, 0xff, 0xff, 0xff,
    0xff, 0xff, 0x1d, 0xff, 0xff, 0xff, 0xff, 0xff,
    0xff, 0xff, 0xff, 0xf1, 0x3e, 0xff, 0xfe, 0xcc,
    0xcc, 0xcc, 0xcc, 0xcc, 0xca, 0x0, 0x2e, 0xff,
    0xb0, 0x0, 0x0, 0x0, 0x0, 0x0, 0x0, 0x0,
    0x1d, 0xfb, 0x0, 0x0, 0x0, 0x0, 0x0, 0x0,
    0x0, 0x0, 0x1b, 0x60, 0x0, 0x0, 0x0, 0x0,
    0x0, 0x0
};


/*---------------------
 *  GLYPH DESCRIPTION
 *--------------------*/

static const lv_font_fmt_txt_glyph_dsc_t glyph_dsc[] = {
    {.bitmap_index = 0, .adv_w = 0, .box_w = 0, .box_h = 0, .ofs_x = 0, .ofs_y = 0} /* id = 0 reserved */,
    {.bitmap_index = 0, .adv_w = 48, .box_w = 0, .box_h = 0, .ofs_x = 0, .ofs_y = 0},
    {.bitmap_index = 0, .adv_w = 67, .box_w = 4, .box_h = 14, .ofs_x = 0, .ofs_y = 0},
    {.bitmap_index = 28, .adv_w = 97, .box_w = 6, .box_h = 5, .ofs_x = 0, .ofs_y = 9},
    {.bitmap_index = 43, .adv_w = 181, .box_w = 11, .box_h = 16, .ofs_x = 0, .ofs_y = -1},
    {.bitmap_index = 131, .adv_w = 124, .box_w = 8, .box_h = 17, .ofs_x = 0, .ofs_y = -1},
    {.bitmap_index = 199, .adv_w = 194, .box_w = 12, .box_h = 16, .ofs_x = 0, .ofs_y = -1},
    {.bitmap_index = 295, .adv_w = 139, .box_w = 9, .box_h = 14, .ofs_x = 0, .ofs_y = 0},
    {.bitmap_index = 358, .adv_w = 52, .box_w = 3, .box_h = 5, .ofs_x = 0, .ofs_y = 9},
    {.bitmap_index = 366, .adv_w = 65, .box_w = 5, .box_h = 16, .ofs_x = 0, .ofs_y = -1},
    {.bitmap_index = 406, .adv_w = 65, .box_w = 5, .box_h = 16, .ofs_x = -1, .ofs_y = -1},
    {.bitmap_index = 446, .adv_w = 136, .box_w = 9, .box_h = 9, .ofs_x = 0, .ofs_y = 7},
    {.bitmap_index = 487, .adv_w = 99, .box_w = 7, .box_h = 7, .ofs_x = 0, .ofs_y = 4},
    {.bitmap_index = 512, .adv_w = 57, .box_w = 4, .box_h = 5, .ofs_x = 0, .ofs_y = -2},
    {.bitmap_index = 522, .adv_w = 83, .box_w = 5, .box_h = 3, .ofs_x = 0, .ofs_y = 6},
    {.bitmap_index = 530, .adv_w = 54, .box_w = 4, .box_h = 3, .ofs_x = 0, .ofs_y = 0},
    {.bitmap_index = 536, .adv_w = 115, .box_w = 8, .box_h = 16, .ofs_x = 0, .ofs_y = -1},
    {.bitmap_index = 600, .adv_w = 134, .box_w = 8, .box_h = 14, .ofs_x = 0, .ofs_y = 0},
    {.bitmap_index = 656, .adv_w = 82, .box_w = 5, .box_h = 14, .ofs_x = 0, .ofs_y = 0},
    {.bitmap_index = 691, .adv_w = 122, .box_w = 8, .box_h = 14, .ofs_x = 0, .ofs_y = 0},
    {.bitmap_index = 747, .adv_w = 126, .box_w = 8, .box_h = 14, .ofs_x = 0, .ofs_y = 0},
    {.bitmap_index = 803, .adv_w = 134, .box_w = 9, .box_h = 14, .ofs_x = 0, .ofs_y = 0},
    {.bitmap_index = 866, .adv_w = 128, .box_w = 8, .box_h = 14, .ofs_x = 0, .ofs_y = 0},
    {.bitmap_index = 922, .adv_w = 131, .box_w = 8, .box_h = 14, .ofs_x = 0, .ofs_y = 0},
    {.bitmap_index = 978, .adv_w = 112, .box_w = 7, .box_h = 14, .ofs_x = 0, .ofs_y = 0},
    {.bitmap_index = 1027, .adv_w = 131, .box_w = 8, .box_h = 14, .ofs_x = 0, .ofs_y = 0},
    {.bitmap_index = 1083, .adv_w = 131, .box_w = 8, .box_h = 14, .ofs_x = 0, .ofs_y = 0},
    {.bitmap_index = 1139, .adv_w = 54, .box_w = 4, .box_h = 9, .ofs_x = 0, .ofs_y = 0},
    {.bitmap_index = 1157, .adv_w = 57, .box_w = 4, .box_h = 11, .ofs_x = 0, .ofs_y = -2},
    {.bitmap_index = 1179, .adv_w = 103, .box_w = 7, .box_h = 9, .ofs_x = 0, .ofs_y = 3},
    {.bitmap_index = 1211, .adv_w = 105, .box_w = 7, .box_h = 6, .ofs_x = 0, .ofs_y = 4},
    {.bitmap_index = 1232, .adv_w = 103, .box_w = 7, .box_h = 9, .ofs_x = 0, .ofs_y = 3},
    {.bitmap_index = 1264, .adv_w = 127, .box_w = 8, .box_h = 14, .ofs_x = 0, .ofs_y = 0},
    {.bitmap_index = 1320, .adv_w = 169, .box_w = 11, .box_h = 12, .ofs_x = 0, .ofs_y = 1},
    {.bitmap_index = 1386, .adv_w = 126, .box_w = 8, .box_h = 14, .ofs_x = 0, .ofs_y = 0},
    {.bitmap_index = 1442, .adv_w = 133, .box_w = 8, .box_h = 14, .ofs_x = 0, .ofs_y = 0},
    {.bitmap_index = 1498, .adv_w = 126, .box_w = 8, .box_h = 14, .ofs_x = 0, .ofs_y = 0},
    {.bitmap_index = 1554, .adv_w = 134, .box_w = 8, .box_h = 14, .ofs_x = 0, .ofs_y = 0},
    {.bitmap_index = 1610, .adv_w = 113, .box_w = 7, .box_h = 14, .ofs_x = 0, .ofs_y = 0},
    {.bitmap_index = 1659, .adv_w = 112, .box_w = 7, .box_h = 14, .ofs_x = 0, .ofs_y = 0},
    {.bitmap_index = 1708, .adv_w = 129, .box_w = 8, .box_h = 14, .ofs_x = 0, .ofs_y = 0},
    {.bitmap_index = 1764, .adv_w = 138, .box_w = 8, .box_h = 14, .ofs_x = 0, .ofs_y = 0},
    {.bitmap_index = 1820, .adv_w = 65, .box_w = 4, .box_h = 14, .ofs_x = 0, .ofs_y = 0},
    {.bitmap_index = 1848, .adv_w = 92, .box_w = 6, .box_h = 14, .ofs_x = 0, .ofs_y = 0},
    {.bitmap_index = 1890, .adv_w = 135, .box_w = 9, .box_h = 14, .ofs_x = 0, .ofs_y = 0},
    {.bitmap_index = 1953, .adv_w = 105, .box_w = 7, .box_h = 14, .ofs_x = 0, .ofs_y = 0},
    {.bitmap_index = 2002, .adv_w = 176, .box_w = 11, .box_h = 14, .ofs_x = 0, .ofs_y = 0},
    {.bitmap_index = 2079, .adv_w = 142, .box_w = 9, .box_h = 14, .ofs_x = 0, .ofs_y = 0},
    {.bitmap_index = 2142, .adv_w = 130, .box_w = 8, .box_h = 14, .ofs_x = 0, .ofs_y = 0},
    {.bitmap_index = 2198, .adv_w = 129, .box_w = 8, .box_h = 14, .ofs_x = 0, .ofs_y = 0},
    {.bitmap_index = 2254, .adv_w = 130, .box_w = 8, .box_h = 16, .ofs_x = 0, .ofs_y = -2},
    {.bitmap_index = 2318, .adv_w = 133, .box_w = 8, .box_h = 14, .ofs_x = 0, .ofs_y = 0},
    {.bitmap_index = 2374, .adv_w = 124, .box_w = 8, .box_h = 14, .ofs_x = 0, .ofs_y = 0},
    {.bitmap_index = 2430, .adv_w = 109, .box_w = 7, .box_h = 14, .ofs_x = 0, .ofs_y = 0},
    {.bitmap_index = 2479, .adv_w = 133, .box_w = 8, .box_h = 14, .ofs_x = 0, .ofs_y = 0},
    {.bitmap_index = 2535, .adv_w = 124, .box_w = 8, .box_h = 14, .ofs_x = 0, .ofs_y = 0},
    {.bitmap_index = 2591, .adv_w = 188, .box_w = 12, .box_h = 14, .ofs_x = 0, .ofs_y = 0},
    {.bitmap_index = 2675, .adv_w = 128, .box_w = 8, .box_h = 14, .ofs_x = 0, .ofs_y = 0},
    {.bitmap_index = 2731, .adv_w = 122, .box_w = 8, .box_h = 14, .ofs_x = 0, .ofs_y = 0},
    {.bitmap_index = 2787, .adv_w = 107, .box_w = 7, .box_h = 14, .ofs_x = 0, .ofs_y = 0},
    {.bitmap_index = 2836, .adv_w = 82, .box_w = 5, .box_h = 16, .ofs_x = 0, .ofs_y = -1},
    {.bitmap_index = 2876, .adv_w = 115, .box_w = 7, .box_h = 16, .ofs_x = 0, .ofs_y = -1},
    {.bitmap_index = 2932, .adv_w = 82, .box_w = 5, .box_h = 16, .ofs_x = 0, .ofs_y = -1},
    {.bitmap_index = 2972, .adv_w = 125, .box_w = 9, .box_h = 7, .ofs_x = -1, .ofs_y = 8},
    {.bitmap_index = 3004, .adv_w = 193, .box_w = 12, .box_h = 3, .ofs_x = 0, .ofs_y = -3},
    {.bitmap_index = 3022, .adv_w = 131, .box_w = 5, .box_h = 3, .ofs_x = 1, .ofs_y = 14},
    {.bitmap_index = 3030, .adv_w = 129, .box_w = 8, .box_h = 14, .ofs_x = 0, .ofs_y = 0},
    {.bitmap_index = 3086, .adv_w = 133, .box_w = 8, .box_h = 14, .ofs_x = 0, .ofs_y = 0},
    {.bitmap_index = 3142, .adv_w = 126, .box_w = 8, .box_h = 14, .ofs_x = 0, .ofs_y = 0},
    {.bitmap_index = 3198, .adv_w = 134, .box_w = 8, .box_h = 14, .ofs_x = 0, .ofs_y = 0},
    {.bitmap_index = 3254, .adv_w = 113, .box_w = 7, .box_h = 14, .ofs_x = 0, .ofs_y = 0},
    {.bitmap_index = 3303, .adv_w = 112, .box_w = 7, .box_h = 14, .ofs_x = 0, .ofs_y = 0},
    {.bitmap_index = 3352, .adv_w = 129, .box_w = 8, .box_h = 14, .ofs_x = 0, .ofs_y = 0},
    {.bitmap_index = 3408, .adv_w = 138, .box_w = 8, .box_h = 14, .ofs_x = 0, .ofs_y = 0},
    {.bitmap_index = 3464, .adv_w = 65, .box_w = 4, .box_h = 14, .ofs_x = 0, .ofs_y = 0},
    {.bitmap_index = 3492, .adv_w = 123, .box_w = 7, .box_h = 14, .ofs_x = 0, .ofs_y = 0},
    {.bitmap_index = 3541, .adv_w = 132, .box_w = 9, .box_h = 14, .ofs_x = 0, .ofs_y = 0},
    {.bitmap_index = 3604, .adv_w = 105, .box_w = 7, .box_h = 14, .ofs_x = 0, .ofs_y = 0},
    {.bitmap_index = 3653, .adv_w = 179, .box_w = 11, .box_h = 14, .ofs_x = 0, .ofs_y = 0},
    {.bitmap_index = 3730, .adv_w = 141, .box_w = 9, .box_h = 14, .ofs_x = 0, .ofs_y = 0},
    {.bitmap_index = 3793, .adv_w = 130, .box_w = 8, .box_h = 14, .ofs_x = 0, .ofs_y = 0},
    {.bitmap_index = 3849, .adv_w = 129, .box_w = 8, .box_h = 14, .ofs_x = 0, .ofs_y = 0},
    {.bitmap_index = 3905, .adv_w = 130, .box_w = 8, .box_h = 16, .ofs_x = 0, .ofs_y = -2},
    {.bitmap_index = 3969, .adv_w = 133, .box_w = 9, .box_h = 14, .ofs_x = 0, .ofs_y = 0},
    {.bitmap_index = 4032, .adv_w = 124, .box_w = 8, .box_h = 14, .ofs_x = 0, .ofs_y = 0},
    {.bitmap_index = 4088, .adv_w = 108, .box_w = 7, .box_h = 14, .ofs_x = 0, .ofs_y = 0},
    {.bitmap_index = 4137, .adv_w = 133, .box_w = 8, .box_h = 14, .ofs_x = 0, .ofs_y = 0},
    {.bitmap_index = 4193, .adv_w = 123, .box_w = 8, .box_h = 14, .ofs_x = 0, .ofs_y = 0},
    {.bitmap_index = 4249, .adv_w = 194, .box_w = 12, .box_h = 14, .ofs_x = 0, .ofs_y = 0},
    {.bitmap_index = 4333, .adv_w = 120, .box_w = 8, .box_h = 14, .ofs_x = 0, .ofs_y = 0},
    {.bitmap_index = 4389, .adv_w = 119, .box_w = 9, .box_h = 14, .ofs_x = -1, .ofs_y = 0},
    {.bitmap_index = 4452, .adv_w = 109, .box_w = 7, .box_h = 14, .ofs_x = 0, .ofs_y = 0},
    {.bitmap_index = 4501, .adv_w = 75, .box_w = 5, .box_h = 16, .ofs_x = 0, .ofs_y = -1},
    {.bitmap_index = 4541, .adv_w = 65, .box_w = 4, .box_h = 16, .ofs_x = 0, .ofs_y = -1},
    {.bitmap_index = 4573, .adv_w = 75, .box_w = 5, .box_h = 16, .ofs_x = 0, .ofs_y = -1},
    {.bitmap_index = 4613, .adv_w = 114, .box_w = 8, .box_h = 3, .ofs_x = 0, .ofs_y = 5},
    {.bitmap_index = 4625, .adv_w = 288, .box_w = 19, .box_h = 19, .ofs_x = 0, .ofs_y = -3},
    {.bitmap_index = 4806, .adv_w = 288, .box_w = 18, .box_h = 14, .ofs_x = 0, .ofs_y = 0},
    {.bitmap_index = 4932, .adv_w = 288, .box_w = 18, .box_h = 17, .ofs_x = 0, .ofs_y = -2},
    {.bitmap_index = 5085, .adv_w = 288, .box_w = 18, .box_h = 14, .ofs_x = 0, .ofs_y = 0},
    {.bitmap_index = 5211, .adv_w = 198, .box_w = 13, .box_h = 13, .ofs_x = 0, .ofs_y = 0},
    {.bitmap_index = 5296, .adv_w = 288, .box_w = 19, .box_h = 18, .ofs_x = 0, .ofs_y = -2},
    {.bitmap_index = 5467, .adv_w = 288, .box_w = 18, .box_h = 19, .ofs_x = 0, .ofs_y = -3},
    {.bitmap_index = 5638, .adv_w = 324, .box_w = 21, .box_h = 17, .ofs_x = 0, .ofs_y = -2},
    {.bitmap_index = 5817, .adv_w = 288, .box_w = 18, .box_h = 19, .ofs_x = 0, .ofs_y = -3},
    {.bitmap_index = 5988, .adv_w = 324, .box_w = 21, .box_h = 14, .ofs_x = 0, .ofs_y = 0},
    {.bitmap_index = 6135, .adv_w = 288, .box_w = 18, .box_h = 19, .ofs_x = 0, .ofs_y = -3},
    {.bitmap_index = 6306, .adv_w = 144, .box_w = 9, .box_h = 15, .ofs_x = 0, .ofs_y = -1},
    {.bitmap_index = 6374, .adv_w = 216, .box_w = 14, .box_h = 15, .ofs_x = 0, .ofs_y = -1},
    {.bitmap_index = 6479, .adv_w = 324, .box_w = 21, .box_h = 18, .ofs_x = 0, .ofs_y = -2},
    {.bitmap_index = 6668, .adv_w = 288, .box_w = 18, .box_h = 14, .ofs_x = 0, .ofs_y = 0},
    {.bitmap_index = 6794, .adv_w = 198, .box_w = 13, .box_h = 19, .ofs_x = 0, .ofs_y = -3},
    {.bitmap_index = 6918, .adv_w = 252, .box_w = 12, .box_h = 17, .ofs_x = 2, .ofs_y = -2},
    {.bitmap_index = 7020, .adv_w = 252, .box_w = 16, .box_h = 19, .ofs_x = 0, .ofs_y = -3},
    {.bitmap_index = 7172, .adv_w = 252, .box_w = 16, .box_h = 17, .ofs_x = 0, .ofs_y = -2},
    {.bitmap_index = 7308, .adv_w = 252, .box_w = 16, .box_h = 17, .ofs_x = 0, .ofs_y = -2},
    {.bitmap_index = 7444, .adv_w = 252, .box_w = 12, .box_h = 17, .ofs_x = 2, .ofs_y = -2},
    {.bitmap_index = 7546, .adv_w = 252, .box_w = 18, .box_h = 17, .ofs_x = -1, .ofs_y = -2},
    {.bitmap_index = 7699, .adv_w = 180, .box_w = 11, .box_h = 16, .ofs_x = 0, .ofs_y = -1},
    {.bitmap_index = 7787, .adv_w = 180, .box_w = 11, .box_h = 16, .ofs_x = 0, .ofs_y = -1},
    {.bitmap_index = 7875, .adv_w = 252, .box_w = 16, .box_h = 17, .ofs_x = 0, .ofs_y = -2},
    {.bitmap_index = 8011, .adv_w = 252, .box_w = 16, .box_h = 4, .ofs_x = 0, .ofs_y = 5},
    {.bitmap_index = 8043, .adv_w = 324, .box_w = 21, .box_h = 14, .ofs_x = 0, .ofs_y = 0},
    {.bitmap_index = 8190, .adv_w = 360, .box_w = 23, .box_h = 19, .ofs_x = 0, .ofs_y = -3},
    {.bitmap_index = 8409, .adv_w = 324, .box_w = 22, .box_h = 19, .ofs_x = -1, .ofs_y = -3},
    {.bitmap_index = 8618, .adv_w = 288, .box_w = 18, .box_h = 17, .ofs_x = 0, .ofs_y = -2},
    {.bitmap_index = 8771, .adv_w = 252, .box_w = 16, .box_h = 10, .ofs_x = 0, .ofs_y = 2},
    {.bitmap_index = 8851, .adv_w = 252, .box_w = 16, .box_h = 10, .ofs_x = 0, .ofs_y = 2},
    {.bitmap_index = 8931, .adv_w = 360, .box_w = 24, .box_h = 15, .ofs_x = -1, .ofs_y = -1},
    {.bitmap_index = 9111, .adv_w = 288, .box_w = 18, .box_h = 14, .ofs_x = 0, .ofs_y = 0},
    {.bitmap_index = 9237, .adv_w = 288, .box_w = 18, .box_h = 19, .ofs_x = 0, .ofs_y = -3},
    {.bitmap_index = 9408, .adv_w = 288, .box_w = 19, .box_h = 19, .ofs_x = -1, .ofs_y = -3},
    {.bitmap_index = 9589, .adv_w = 252, .box_w = 16, .box_h = 17, .ofs_x = 0, .ofs_y = -2},
    {.bitmap_index = 9725, .adv_w = 252, .box_w = 16, .box_h = 19, .ofs_x = 0, .ofs_y = -3},
    {.bitmap_index = 9877, .adv_w = 252, .box_w = 16, .box_h = 17, .ofs_x = 0, .ofs_y = -2},
    {.bitmap_index = 10013, .adv_w = 252, .box_w = 16, .box_h = 15, .ofs_x = 0, .ofs_y = -1},
    {.bitmap_index = 10133, .adv_w = 288, .box_w = 18, .box_h = 14, .ofs_x = 0, .ofs_y = 0},
    {.bitmap_index = 10259, .adv_w = 180, .box_w = 13, .box_h = 19, .ofs_x = -1, .ofs_y = -3},
    {.bitmap_index = 10383, .adv_w = 252, .box_w = 16, .box_h = 19, .ofs_x = 0, .ofs_y = -3},
    {.bitmap_index = 10535, .adv_w = 252, .box_w = 16, .box_h = 19, .ofs_x = 0, .ofs_y = -3},
    {.bitmap_index = 10687, .adv_w = 324, .box_w = 21, .box_h = 14, .ofs_x = 0, .ofs_y = 0},
    {.bitmap_index = 10834, .adv_w = 288, .box_w = 20, .box_h = 20, .ofs_x = -1, .ofs_y = -3},
    {.bitmap_index = 11034, .adv_w = 216, .box_w = 14, .box_h = 19, .ofs_x = 0, .ofs_y = -3},
    {.bitmap_index = 11167, .adv_w = 360, .box_w = 23, .box_h = 18, .ofs_x = 0, .ofs_y = -2},
    {.bitmap_index = 11374, .adv_w = 360, .box_w = 23, .box_h = 12, .ofs_x = 0, .ofs_y = 1},
    {.bitmap_index = 11512, .adv_w = 360, .box_w = 23, .box_h = 12, .ofs_x = 0, .ofs_y = 1},
    {.bitmap_index = 11650, .adv_w = 360, .box_w = 23, .box_h = 12, .ofs_x = 0, .ofs_y = 1},
    {.bitmap_index = 11788, .adv_w = 360, .box_w = 23, .box_h = 12, .ofs_x = 0, .ofs_y = 1},
    {.bitmap_index = 11926, .adv_w = 360, .box_w = 23, .box_h = 12, .ofs_x = 0, .ofs_y = 1},
    {.bitmap_index = 12064, .adv_w = 360, .box_w = 23, .box_h = 15, .ofs_x = 0, .ofs_y = -1},
    {.bitmap_index = 12237, .adv_w = 252, .box_w = 14, .box_h = 19, .ofs_x = 1, .ofs_y = -3},
    {.bitmap_index = 12370, .adv_w = 252, .box_w = 16, .box_h = 19, .ofs_x = 0, .ofs_y = -3},
    {.bitmap_index = 12522, .adv_w = 288, .box_w = 19, .box_h = 19, .ofs_x = -1, .ofs_y = -3},
    {.bitmap_index = 12703, .adv_w = 360, .box_w = 23, .box_h = 14, .ofs_x = 0, .ofs_y = 0},
    {.bitmap_index = 12864, .adv_w = 216, .box_w = 14, .box_h = 19, .ofs_x = 0, .ofs_y = -3},
    {.bitmap_index = 12997, .adv_w = 290, .box_w = 19, .box_h = 12, .ofs_x = 0, .ofs_y = 1}
};

/*---------------------
 *  CHARACTER MAPPING
 *--------------------*/

static const uint16_t unicode_list_1[] = {
    0x0, 0x7, 0xa, 0xb, 0xc, 0x10, 0x12, 0x14,
    0x18, 0x1b, 0x20, 0x25, 0x26, 0x27, 0x3d, 0x42,
    0x47, 0x4a, 0x4b, 0x4c, 0x50, 0x51, 0x52, 0x53,
    0x66, 0x67, 0x6d, 0x6f, 0x70, 0x73, 0x76, 0x77,
    0x78, 0x7a, 0x92, 0x94, 0xc3, 0xc4, 0xc6, 0xc8,
    0xdf, 0xe6, 0xe9, 0xf2, 0x11b, 0x123, 0x15a, 0x1ea,
    0x23f, 0x240, 0x241, 0x242, 0x243, 0x286, 0x292, 0x2ec,
    0x303, 0x559, 0x7c1, 0x8a1
};

/*Collect the unicode lists and glyph_id offsets*/
static const lv_font_fmt_txt_cmap_t cmaps[] =
{
    {
        .range_start = 32, .range_length = 95, .glyph_id_start = 1,
        .unicode_list = NULL, .glyph_id_ofs_list = NULL, .list_length = 0, .type = LV_FONT_FMT_TXT_CMAP_FORMAT0_TINY
    },
    {
        .range_start = 61441, .range_length = 2210, .glyph_id_start = 96,
        .unicode_list = unicode_list_1, .glyph_id_ofs_list = NULL, .list_length = 60, .type = LV_FONT_FMT_TXT_CMAP_SPARSE_TINY
    }
};

/*-----------------
 *    KERNING
 *----------------*/


/*Map glyph_ids to kern left classes*/
static const uint8_t kern_left_class_mapping[] =
{
    0, 0, 0, 1, 0, 0, 0, 0,
    1, 2, 0, 0, 0, 3, 4, 3,
    5, 6, 7, 0, 0, 0, 8, 0,
    0, 0, 0, 9, 9, 0, 0, 0,
    10, 0, 11, 12, 13, 14, 15, 16,
    17, 18, 18, 19, 20, 21, 18, 18,
    22, 23, 22, 24, 25, 26, 19, 27,
    28, 29, 30, 31, 32, 33, 0, 0,
    34, 0, 35, 12, 13, 14, 15, 16,
    17, 18, 18, 19, 36, 21, 18, 18,
    22, 23, 22, 37, 25, 26, 19, 38,
    39, 40, 41, 42, 43, 0, 0, 0,
    0, 0, 0, 0, 0, 0, 0, 0,
    0, 0, 0, 0, 0, 0, 0, 0,
    0, 0, 0, 0, 0, 0, 0, 0,
    0, 0, 0, 0, 0, 0, 0, 0,
    0, 0, 0, 0, 0, 0, 0, 0,
    0, 0, 0, 0, 0, 0, 0, 0,
    0, 0, 0, 0, 0, 0, 0, 0,
    0, 0, 0, 0
};

/*Map glyph_ids to kern right classes*/
static const uint8_t kern_right_class_mapping[] =
{
    0, 0, 0, 1, 0, 2, 2, 0,
    1, 0, 3, 4, 0, 5, 6, 5,
    7, 8, 9, 0, 0, 0, 10, 0,
    0, 0, 0, 11, 11, 0, 0, 0,
    12, 0, 13, 14, 15, 14, 14, 14,
    15, 14, 14, 16, 14, 14, 14, 14,
    15, 14, 15, 14, 17, 18, 19, 20,
    21, 22, 23, 24, 0, 25, 26, 0,
    27, 0, 28, 14, 15, 14, 14, 14,
    15, 14, 14, 29, 14, 14, 14, 14,
    15, 14, 15, 14, 17, 18, 19, 30,
    31, 32, 33, 34, 0, 0, 35, 0,
    0, 0, 0, 0, 0, 0, 0, 0,
    0, 0, 0, 0, 0, 0, 0, 0,
    0, 0, 0, 0, 0, 0, 0, 0,
    0, 0, 0, 0, 0, 0, 0, 0,
    0, 0, 0, 0, 0, 0, 0, 0,
    0, 0, 0, 0, 0, 0, 0, 0,
    0, 0, 0, 0, 0, 0, 0, 0,
    0, 0, 0, 0
};

/*Kern values between classes*/
static const int8_t kern_class_values[] =
{
    0, 0, 0, 0, -22, 0, 0, 0,
    0, -1, 0, 0, -13, -1, 0, 0,
    0, 10, 0, 0, 0, 0, 0, 0,
    0, 0, 0, -12, -35, 0, 0, 0,
    0, 0, 0, 0, 0, 0, 0, 0,
    0, 0, 0, 0, 0, 0, 0, 0,
    3, 1, 6, 1, 4, 1, 0, 1,
    1, 1, 0, 0, 0, 0, 4, -7,
    3, 1, 4, 6, 1, 0, -22, 0,
    0, 0, 0, 0, 0, -3, -16, -1,
    0, -20, 0, 0, -1, 10, 0, -23,
    -3, -16, -12, 0, -29, 0, 0, 0,
    0, 0, 0, -12, -9, 0, -27, 0,
    0, 0, 0, 0, 0, 0, 0, 0,
    0, -9, -1, 0, 0, 0, 0, 0,
    -22, -6, -16, 0, 0, 0, -12, -9,
    -6, 0, 0, 0, 0, -1, 0, 0,
    -14, -13, -12, 0, 0, 0, 0, 0,
    0, 0, 0, -10, 0, -1, 0, 0,
    -20, -1, -9, 0, -4, 0, 0, 0,
    0, 0, 0, 0, 0, 0, 0, -19,
    -29, 0, 0, 0, 0, 0, 0, 0,
    0, 0, 0, -3, 0, -12, 0, 0,
    0, 0, 0, 0, 0, 0, 0, 0,
    0, 0, 0, 0, 0, 0, 0, -10,
    0, 0, 0, 0, 0, 0, 0, 0,
    0, 0, -3, -3, 0, 0, -3, 0,
    -4, 0, -1, 0, -1, 0, 0, 0,
    0, 0, 0, 0, 0, 0, 0, 0,
    0, 0, -3, 0, 0, 0, 0, 0,
    0, 0, 0, 0, 0, -1, 0, 0,
    0, 0, 0, -7, 0, 1, 0, 0,
    0, 0, 0, 0, 0, 0, 0, 0,
    0, 0, 0, 0, 0, -1, 0, 0,
    0, 0, 0, 0, 0, 0, 0, 0,
    0, 0, 0, 0, 0, 0, 0, 0,
    -14, 0, 0, 0, 0, -1, 0, 10,
    0, -23, 0, 0, 0, 0, 0, 0,
    0, 0, 0, 0, 0, 0, 0, 0,
    -9, 0, 0, 0, 0, 0, 0, -20,
    0, 0, 0, 0, 0, 0, 0, 0,
    0, 0, 0, 0, 0, 0, 0, 0,
    0, 0, 0, 0, 0, 0, 0, 0,
    0, 0, 0, 0, 0, 0, -13, 0,
    0, -6, 0, 0, 0, 0, 0, 0,
    0, 0, -3, -1, -1, 1, -1, -10,
    -1, -3, -1, -1, -9, -3, -20, 0,
    0, 0, 0, -3, -1, 0, -10, -1,
    0, 0, 0, 1, 0, 0, 0, -6,
    0, 0, 0, 0, 0, -1, 0, 0,
    -1, 0, -3, 0, -1, 0, 0, -3,
    -1, -7, -6, -10, -3, 0, -1, 0,
    -4, -9, -3, -3, 0, 0, 1, 0,
    0, -4, -6, 0, 0, 0, 0, 0,
    -1, 0, 0, -1, 0, -1, 0, -1,
    0, -1, -1, -1, -4, -6, -7, -3,
    0, -1, 0, -4, -7, -3, -3, 0,
    0, 0, 0, -1, 0, -10, 0, 0,
    0, 0, 0, -1, 0, 0, -6, 0,
    -4, 0, -1, 0, -1, -4, -1, -9,
    -6, -13, -3, -3, -1, 0, -4, -9,
    -3, -3, 0, 0, 3, 0, 0, 0,
    0, 0, 0, 0, 0, 0, -1, 0,
    0, 1, -1, 1, 0, -1, -1, -1,
    0, -1, 0, 1, 0, 0, -1, 0,
    0, 1, 3, -1, 1, 10, 0, 4,
    0, -30, 0, -26, 0, 0, 0, -1,
    0, -7, -4, -4, -3, 0, 7, -3,
    3, 1, 0, 3, 1, 0, 6, -23,
    -7, -12, 6, 4, 6, 7, 3, 6,
    0, 0, 1, 0, 0, 0, -7, 0,
    0, 0, 0, 0, -1, 1, 1, -4,
    0, -3, 1, 0, 0, 0, -4, -1,
    -7, -6, -10, -1, -1, -1, 0, -3,
    -7, -3, -1, -1, 0, 3, 0, 0,
    0, -3, 0, 0, 0, 0, 0, -1,
    1, 1, -6, 0, -4, 1, 0, 0,
    0, -3, -1, -1, -4, 0, -1, -6,
    -1, 0, -3, -4, -3, 0, 0, 0,
    3, 0, -3, 0, -10, 0, 0, 0,
    0, 0, -1, 1, 0, -6, 0, -3,
    0, -1, 0, 0, -3, -1, 0, -4,
    -12, -1, -4, -1, 0, -4, -3, -3,
    -1, 0, 0, 4, 0, 0, -9, 0,
    0, 0, 0, 0, 0, 0, -1, -1,
    6, -1, -4, -1, -3, -1, -1, -4,
    0, 0, 4, 0, 4, -3, -3, -1,
    4, -3, 3, 4, -35, 0, 4, -36,
    12, -24, 0, 0, 0, 0, 12, 0,
    1, -4, -4, 7, 0, -17, -4, -10,
    -9, 0, -17, 1, -33, 6, 0, 6,
    4, -10, -9, 6, -17, 4, 6, 0,
    0, 1, 0, -1, 0, -9, 0, 0,
    0, 0, 0, -1, 1, 0, -6, 0,
    -4, 0, -1, 0, 0, -3, -1, -9,
    -6, -12, -1, -3, -1, 0, -4, -9,
    -3, -1, 0, 0, -6, 0, -30, 0,
    -24, 0, 0, 0, 0, 0, -4, -3,
    -3, -9, -1, 1, -3, -1, -1, -3,
    0, -4, -3, -4, -23, -6, -10, -3,
    -3, -7, -4, -3, -4, 0, 0, 3,
    0, 0, 0, 0, 0, 0, 0, 0,
    0, -1, 1, 0, -1, 0, -3, 0,
    -1, 0, 0, -3, -1, -7, -3, 0,
    -1, -3, -1, 0, -3, -9, -3, -1,
    0, 0, 1, 0, 0, -4, -6, 0,
    0, 0, 0, 0, -1, 0, 0, -1,
    0, -1, 0, -1, 0, -1, 0, -1,
    -4, -4, -9, -3, 0, -1, 0, -4,
    -7, -3, -3, 10, 0, 4, 0, -23,
    -16, -24, 0, 0, 0, -23, 0, -10,
    -4, -4, -3, 0, 7, -3, 3, 1,
    0, 4, 1, 0, 6, -20, -12, -16,
    6, 4, 6, 7, 3, 6, 0, 0,
    1, 0, -16, 0, -20, 0, 0, 0,
    0, 0, -3, 0, -1, -7, -1, 3,
    -1, -3, -1, -1, 0, -3, 0, 1,
    -20, -3, -7, 1, -1, 1, 3, -3,
    1, 0, 0, 1, 0, -12, 0, -17,
    0, 0, 0, 0, 0, -1, 0, 0,
    -6, 0, 1, 0, -1, 0, -1, 0,
    -1, 0, 1, -14, -3, -6, 0, 0,
    1, 3, -3, 1, 0, 0, 1, 0,
    0, -12, 0, 0, 0, 0, 0, 0,
    -1, 0, 0, 0, -1, 0, 0, -1,
    -1, -1, -1, -1, 0, 0, 0, -1,
    -1, -1, 0, 0, 1, -3, 0, 0,
    0, 1, 0, -29, -9, -27, 0, 0,
    0, 0, 0, -9, -3, -3, -4, 0,
    4, -3, 0, 0, -1, 0, 0, 0,
    3, -23, -9, -19, 3, 0, 3, 4,
    0, 3, 0, 0, 0, 0, 0, -12,
    0, 0, 0, 0, 0, 0, -3, -1,
    -1, 1, -1, 1, -1, -3, -1, -1,
    0, -3, 0, 1, 0, 0, -1, 0,
    -1, 1, 3, -1, 1, 0, 0, 0,
    0, 0, 0, 0, 0, 0, 0, 0,
    0, 0, -4, -6, 6, -4, 6, -4,
    1, 1, 0, 3, 1, 0, 0, 0,
    4, -1, 4, 3, 6, 7, 3, 0,
    0, 0, 0, 0, 0, 0, 0, -12,
    -17, -10, 0, 0, 0, -3, -9, 0,
    -6, -24, -10, -20, -17, 0, -27, 0,
    0, 0, 0, 0, -1, -17, -13, 0,
    -29, 0, 0, 0, 0, 0, 0, 0,
    0, 0, 0, 0, 0, 0, 0, 0,
    0, -12, 0, -9, -20, -12, -20, -14,
    0, -23, 0, 0, 0, 0, 0, -4,
    -14, -10, 0, -23, 0, 0, -12, 0,
    4, -6, 0, 0, 0, 0, 0, 0,
    0, 0, 0, -1, -1, 4, -3, -12,
    -1, -3, -3, -1, -9, 0, -17, 4,
    0, 3, -1, -4, -3, 4, -10, 3,
    4, 0, 0, 6, 0, 0, -10, 0,
    0, 0, 0, 0, 0, 1, -4, -4,
    6, -4, 6, -4, 0, 0, 0, 1,
    1, 0, 6, 0, 6, -3, 4, 1,
    6, 6, 4, 6, 0, 0, 4, 0,
    0, 0, 0, 0, 0, 0, 0, 0,
    0, 0, -1, 4, -1, -3, -1, -3,
    -1, -1, -3, 0, -7, 4, 0, 3,
    -6, -3, -1, 4, -9, 1, 4, 0,
    0, 4, 0, -12, 0, -17, 0, 0,
    0, 0, 0, -3, -1, -1, -4, -1,
    6, -1, 0, 0, -1, 3, 0, 0,
    4, -14, -4, -7, 3, 3, 4, 3,
    0, 4, 0, 0, 3, 0, -9, 0,
    -13, 0, 0, 0, 0, 0, -1, 0,
    0, -6, 0, 4, 0, -1, 0, 0,
    0, -1, 0, 3, -10, -3, -6, 3,
    0, 3, 3, -1, 3, 0, 0, 4,
    0, 0, -14, 0, 0, 0, 0, 0,
    0, 0, -3, -4, 6, -4, 6, -4,
    1, 1, 0, 3, 1, 0, 6, 0,
    4, -4, 4, 3, 6, 7, 3, 6,
    0, 0, 7, 0, -27, -13, -29, 0,
    0, 0, -9, 0, -10, -4, -9, -3,
    -6, 7, -3, 3, 3, 1, 4, 3,
    0, 7, -23, -10, -14, 3, 4, 7,
    9, 3, 7, 0, 0, 3, 0, 0,
    -17, 0, 0, 0, 0, 0, 0, -3,
    -3, -3, 1, -3, 4, -3, -1, -1,
    -3, 0, -1, 0, 3, 0, 1, -1,
    3, 0, 3, 4, -1, 3, 0, 0,
    0, 0, 0, 0, 0, 0, 0, 0,
    0, 0, 0, 0, -1, 6, -1, 6,
    -1, 1, 1, 0, 3, 1, 0, 0,
    0, 4, 0, 4, 3, 6, 7, 3,
    0
};


/*Collect the kern class' data in one place*/
static const lv_font_fmt_txt_kern_classes_t kern_classes =
{
    .class_pair_values   = kern_class_values,
    .left_class_mapping  = kern_left_class_mapping,
    .right_class_mapping = kern_right_class_mapping,
    .left_class_cnt      = 43,
    .right_class_cnt     = 35,
};

/*--------------------
 *  ALL CUSTOM DATA
 *--------------------*/

#if LVGL_VERSION_MAJOR == 8
/*Store all the custom data of the font*/
static  lv_font_fmt_txt_glyph_cache_t cache;
#endif

#if LVGL_VERSION_MAJOR >= 8
static const lv_font_fmt_txt_dsc_t font_dsc = {
#else
static lv_font_fmt_txt_dsc_t font_dsc = {
#endif
    .glyph_bitmap = glyph_bitmap,
    .glyph_dsc = glyph_dsc,
    .cmaps = cmaps,
    .kern_dsc = &kern_classes,
    .kern_scale = 16,
    .cmap_num = 2,
    .bpp = 4,
    .kern_classes = 1,
    .bitmap_format = 0,
#if LVGL_VERSION_MAJOR == 8
    .cache = &cache
#endif
};



/*-----------------
 *  PUBLIC FONT
 *----------------*/

/*Initialize a public general font descriptor*/
#if LVGL_VERSION_MAJOR >= 8
const lv_font_t lv_font_Tanker_18 = {
#else
lv_font_t lv_font_Tanker_18 = {
#endif
    .get_glyph_dsc = lv_font_get_glyph_dsc_fmt_txt,    /*Function pointer to get glyph's data*/
    .get_glyph_bitmap = lv_font_get_bitmap_fmt_txt,    /*Function pointer to get glyph's bitmap*/
    .line_height = 18,          /*The maximum line height required by the font*/
    .base_line = 2.6999999999999997,             /*Baseline measured from the bottom of the line*/
#if !(LVGL_VERSION_MAJOR == 6 && LVGL_VERSION_MINOR == 0)
    .subpx = LV_FONT_SUBPX_NONE,
#endif
#if LV_VERSION_CHECK(7, 4, 0) || LVGL_VERSION_MAJOR >= 8
    .underline_position = -2,
    .underline_thickness = 1,
#endif
    .dsc = &font_dsc,          /*The custom font data. Will be accessed by `get_glyph_bitmap/dsc` */
#if LV_VERSION_CHECK(8, 2, 0) || LVGL_VERSION_MAJOR >= 9
    .fallback = NULL,
#endif
};



#endif /*#if LV_FONT_TANKER_18*/

